,Unnamed: 0,over,runs,wickets,bat_team,tot_runs,tot_wickets,city,venue,final_score
0,0,1,8,0,Asia XI,331,8,Chennai,"MA Chidambaram Stadium, Chepauk",331/8
1,1,2,8,0,Asia XI,331,8,Chennai,"MA Chidambaram Stadium, Chepauk",331/8
2,2,3,9,1,Asia XI,331,8,Chennai,"MA Chidambaram Stadium, Chepauk",331/8
3,3,4,17,1,Asia XI,331,8,Chennai,"MA Chidambaram Stadium, Chepauk",331/8
4,4,5,25,1,Asia XI,331,8,Chennai,"MA Chidambaram Stadium, Chepauk",331/8
5,5,6,30,2,Asia XI,331,8,Chennai,"MA Chidambaram Stadium, Chepauk",331/8
6,6,7,32,2,Asia XI,331,8,Chennai,"MA Chidambaram Stadium, Chepauk",331/8
7,7,8,40,2,Asia XI,331,8,Chennai,"MA Chidambaram Stadium, Chepauk",331/8
8,8,9,45,2,Asia XI,331,8,Chennai,"MA Chidambaram Stadium, Chepauk",331/8
9,9,10,47,3,Asia XI,331,8,Chennai,"MA Chidambaram Stadium, Chepauk",331/8
10,10,11,51,3,Asia XI,331,8,Chennai,"MA Chidambaram Stadium, Chepauk",331/8
11,11,12,51,4,Asia XI,331,8,Chennai,"MA Chidambaram Stadium, Chepauk",331/8
12,12,13,59,4,Asia XI,331,8,Chennai,"MA Chidambaram Stadium, Chepauk",331/8
13,13,14,62,4,Asia XI,331,8,Chennai,"MA Chidambaram Stadium, Chepauk",331/8
14,14,15,66,4,Asia XI,331,8,Chennai,"MA Chidambaram Stadium, Chepauk",331/8
15,15,16,70,4,Asia XI,331,8,Chennai,"MA Chidambaram Stadium, Chepauk",331/8
16,16,17,72,5,Asia XI,331,8,Chennai,"MA Chidambaram Stadium, Chepauk",331/8
17,17,18,77,5,Asia XI,331,8,Chennai,"MA Chidambaram Stadium, Chepauk",331/8
18,18,19,83,5,Asia XI,331,8,Chennai,"MA Chidambaram Stadium, Chepauk",331/8
19,19,20,83,5,Asia XI,331,8,Chennai,"MA Chidambaram Stadium, Chepauk",331/8
20,20,21,88,5,Asia XI,331,8,Chennai,"MA Chidambaram Stadium, Chepauk",331/8
21,21,22,89,5,Asia XI,331,8,Chennai,"MA Chidambaram Stadium, Chepauk",331/8
22,22,23,95,5,Asia XI,331,8,Chennai,"MA Chidambaram Stadium, Chepauk",331/8
23,23,24,97,5,Asia XI,331,8,Chennai,"MA Chidambaram Stadium, Chepauk",331/8
24,24,25,101,5,Asia XI,331,8,Chennai,"MA Chidambaram Stadium, Chepauk",331/8
25,25,26,109,5,Asia XI,331,8,Chennai,"MA Chidambaram Stadium, Chepauk",331/8
26,26,27,120,5,Asia XI,331,8,Chennai,"MA Chidambaram Stadium, Chepauk",331/8
27,27,28,127,5,Asia XI,331,8,Chennai,"MA Chidambaram Stadium, Chepauk",331/8
28,28,29,137,5,Asia XI,331,8,Chennai,"MA Chidambaram Stadium, Chepauk",331/8
29,29,30,145,5,Asia XI,331,8,Chennai,"MA Chidambaram Stadium, Chepauk",331/8
30,30,31,149,5,Asia XI,331,8,Chennai,"MA Chidambaram Stadium, Chepauk",331/8
31,31,32,156,5,Asia XI,331,8,Chennai,"MA Chidambaram Stadium, Chepauk",331/8
32,32,33,159,5,Asia XI,331,8,Chennai,"MA Chidambaram Stadium, Chepauk",331/8
33,33,34,166,5,Asia XI,331,8,Chennai,"MA Chidambaram Stadium, Chepauk",331/8
34,34,35,168,5,Asia XI,331,8,Chennai,"MA Chidambaram Stadium, Chepauk",331/8
35,35,36,173,5,Asia XI,331,8,Chennai,"MA Chidambaram Stadium, Chepauk",331/8
36,36,37,185,5,Asia XI,331,8,Chennai,"MA Chidambaram Stadium, Chepauk",331/8
37,37,38,193,5,Asia XI,331,8,Chennai,"MA Chidambaram Stadium, Chepauk",331/8
38,38,39,205,5,Asia XI,331,8,Chennai,"MA Chidambaram Stadium, Chepauk",331/8
39,39,40,223,5,Asia XI,331,8,Chennai,"MA Chidambaram Stadium, Chepauk",331/8
40,40,41,235,5,Asia XI,331,8,Chennai,"MA Chidambaram Stadium, Chepauk",331/8
41,41,42,255,5,Asia XI,331,8,Chennai,"MA Chidambaram Stadium, Chepauk",331/8
42,42,43,266,5,Asia XI,331,8,Chennai,"MA Chidambaram Stadium, Chepauk",331/8
43,43,44,270,5,Asia XI,331,8,Chennai,"MA Chidambaram Stadium, Chepauk",331/8
44,44,45,278,5,Asia XI,331,8,Chennai,"MA Chidambaram Stadium, Chepauk",331/8
45,45,46,289,5,Asia XI,331,8,Chennai,"MA Chidambaram Stadium, Chepauk",331/8
46,46,47,292,6,Asia XI,331,8,Chennai,"MA Chidambaram Stadium, Chepauk",331/8
47,47,48,310,7,Asia XI,331,8,Chennai,"MA Chidambaram Stadium, Chepauk",331/8
48,48,49,315,8,Asia XI,331,8,Chennai,"MA Chidambaram Stadium, Chepauk",331/8
49,49,50,331,8,Asia XI,331,8,Chennai,"MA Chidambaram Stadium, Chepauk",331/8
50,50,1,12,0,Asia XI,337,7,Chennai,"MA Chidambaram Stadium, Chepauk",337/7
51,51,2,12,0,Asia XI,337,7,Chennai,"MA Chidambaram Stadium, Chepauk",337/7
52,52,3,22,0,Asia XI,337,7,Chennai,"MA Chidambaram Stadium, Chepauk",337/7
53,53,4,30,0,Asia XI,337,7,Chennai,"MA Chidambaram Stadium, Chepauk",337/7
54,54,5,37,1,Asia XI,337,7,Chennai,"MA Chidambaram Stadium, Chepauk",337/7
55,55,6,42,1,Asia XI,337,7,Chennai,"MA Chidambaram Stadium, Chepauk",337/7
56,56,7,43,1,Asia XI,337,7,Chennai,"MA Chidambaram Stadium, Chepauk",337/7
57,57,8,48,1,Asia XI,337,7,Chennai,"MA Chidambaram Stadium, Chepauk",337/7
58,58,9,51,1,Asia XI,337,7,Chennai,"MA Chidambaram Stadium, Chepauk",337/7
59,59,10,68,1,Asia XI,337,7,Chennai,"MA Chidambaram Stadium, Chepauk",337/7
60,60,11,71,1,Asia XI,337,7,Chennai,"MA Chidambaram Stadium, Chepauk",337/7
61,61,12,79,2,Asia XI,337,7,Chennai,"MA Chidambaram Stadium, Chepauk",337/7
62,62,13,86,2,Asia XI,337,7,Chennai,"MA Chidambaram Stadium, Chepauk",337/7
63,63,14,92,2,Asia XI,337,7,Chennai,"MA Chidambaram Stadium, Chepauk",337/7
64,64,15,94,2,Asia XI,337,7,Chennai,"MA Chidambaram Stadium, Chepauk",337/7
65,65,16,95,2,Asia XI,337,7,Chennai,"MA Chidambaram Stadium, Chepauk",337/7
66,66,17,97,2,Asia XI,337,7,Chennai,"MA Chidambaram Stadium, Chepauk",337/7
67,67,18,103,2,Asia XI,337,7,Chennai,"MA Chidambaram Stadium, Chepauk",337/7
68,68,19,109,2,Asia XI,337,7,Chennai,"MA Chidambaram Stadium, Chepauk",337/7
69,69,20,114,2,Asia XI,337,7,Chennai,"MA Chidambaram Stadium, Chepauk",337/7
70,70,21,117,2,Asia XI,337,7,Chennai,"MA Chidambaram Stadium, Chepauk",337/7
71,71,22,131,2,Asia XI,337,7,Chennai,"MA Chidambaram Stadium, Chepauk",337/7
72,72,23,133,2,Asia XI,337,7,Chennai,"MA Chidambaram Stadium, Chepauk",337/7
73,73,24,135,3,Asia XI,337,7,Chennai,"MA Chidambaram Stadium, Chepauk",337/7
74,74,25,151,3,Asia XI,337,7,Chennai,"MA Chidambaram Stadium, Chepauk",337/7
75,75,26,157,3,Asia XI,337,7,Chennai,"MA Chidambaram Stadium, Chepauk",337/7
76,76,27,164,3,Asia XI,337,7,Chennai,"MA Chidambaram Stadium, Chepauk",337/7
77,77,28,176,3,Asia XI,337,7,Chennai,"MA Chidambaram Stadium, Chepauk",337/7
78,78,29,180,3,Asia XI,337,7,Chennai,"MA Chidambaram Stadium, Chepauk",337/7
79,79,30,187,3,Asia XI,337,7,Chennai,"MA Chidambaram Stadium, Chepauk",337/7
80,80,31,189,3,Asia XI,337,7,Chennai,"MA Chidambaram Stadium, Chepauk",337/7
81,81,32,193,3,Asia XI,337,7,Chennai,"MA Chidambaram Stadium, Chepauk",337/7
82,82,33,200,3,Asia XI,337,7,Chennai,"MA Chidambaram Stadium, Chepauk",337/7
83,83,34,207,3,Asia XI,337,7,Chennai,"MA Chidambaram Stadium, Chepauk",337/7
84,84,35,214,3,Asia XI,337,7,Chennai,"MA Chidambaram Stadium, Chepauk",337/7
85,85,36,214,4,Asia XI,337,7,Chennai,"MA Chidambaram Stadium, Chepauk",337/7
86,86,37,218,4,Asia XI,337,7,Chennai,"MA Chidambaram Stadium, Chepauk",337/7
87,87,38,223,4,Asia XI,337,7,Chennai,"MA Chidambaram Stadium, Chepauk",337/7
88,88,39,234,4,Asia XI,337,7,Chennai,"MA Chidambaram Stadium, Chepauk",337/7
89,89,40,246,4,Asia XI,337,7,Chennai,"MA Chidambaram Stadium, Chepauk",337/7
90,90,41,257,4,Asia XI,337,7,Chennai,"MA Chidambaram Stadium, Chepauk",337/7
91,91,42,266,4,Asia XI,337,7,Chennai,"MA Chidambaram Stadium, Chepauk",337/7
92,92,43,270,4,Asia XI,337,7,Chennai,"MA Chidambaram Stadium, Chepauk",337/7
93,93,44,282,4,Asia XI,337,7,Chennai,"MA Chidambaram Stadium, Chepauk",337/7
94,94,45,287,4,Asia XI,337,7,Chennai,"MA Chidambaram Stadium, Chepauk",337/7
95,95,46,298,4,Asia XI,337,7,Chennai,"MA Chidambaram Stadium, Chepauk",337/7
96,96,47,308,5,Asia XI,337,7,Chennai,"MA Chidambaram Stadium, Chepauk",337/7
97,97,48,317,5,Asia XI,337,7,Chennai,"MA Chidambaram Stadium, Chepauk",337/7
98,98,49,331,5,Asia XI,337,7,Chennai,"MA Chidambaram Stadium, Chepauk",337/7
99,99,50,337,7,Asia XI,337,7,Chennai,"MA Chidambaram Stadium, Chepauk",337/7
100,100,1,13,0,Asia XI,317,9,Bangalore,M Chinnaswamy Stadium,317/9
101,101,2,19,0,Asia XI,317,9,Bangalore,M Chinnaswamy Stadium,317/9
102,102,3,20,0,Asia XI,317,9,Bangalore,M Chinnaswamy Stadium,317/9
103,103,4,26,0,Asia XI,317,9,Bangalore,M Chinnaswamy Stadium,317/9
104,104,5,36,1,Asia XI,317,9,Bangalore,M Chinnaswamy Stadium,317/9
105,105,6,48,1,Asia XI,317,9,Bangalore,M Chinnaswamy Stadium,317/9
106,106,7,64,1,Asia XI,317,9,Bangalore,M Chinnaswamy Stadium,317/9
107,107,8,70,1,Asia XI,317,9,Bangalore,M Chinnaswamy Stadium,317/9
108,108,9,78,1,Asia XI,317,9,Bangalore,M Chinnaswamy Stadium,317/9
109,109,10,83,1,Asia XI,317,9,Bangalore,M Chinnaswamy Stadium,317/9
110,110,11,86,1,Asia XI,317,9,Bangalore,M Chinnaswamy Stadium,317/9
111,111,12,97,1,Asia XI,317,9,Bangalore,M Chinnaswamy Stadium,317/9
112,112,13,104,1,Asia XI,317,9,Bangalore,M Chinnaswamy Stadium,317/9
113,113,14,110,2,Asia XI,317,9,Bangalore,M Chinnaswamy Stadium,317/9
114,114,15,115,2,Asia XI,317,9,Bangalore,M Chinnaswamy Stadium,317/9
115,115,16,119,2,Asia XI,317,9,Bangalore,M Chinnaswamy Stadium,317/9
116,116,17,126,2,Asia XI,317,9,Bangalore,M Chinnaswamy Stadium,317/9
117,117,18,131,3,Asia XI,317,9,Bangalore,M Chinnaswamy Stadium,317/9
118,118,19,134,3,Asia XI,317,9,Bangalore,M Chinnaswamy Stadium,317/9
119,119,20,139,3,Asia XI,317,9,Bangalore,M Chinnaswamy Stadium,317/9
120,120,21,141,3,Asia XI,317,9,Bangalore,M Chinnaswamy Stadium,317/9
121,121,22,146,3,Asia XI,317,9,Bangalore,M Chinnaswamy Stadium,317/9
122,122,23,149,3,Asia XI,317,9,Bangalore,M Chinnaswamy Stadium,317/9
123,123,24,158,3,Asia XI,317,9,Bangalore,M Chinnaswamy Stadium,317/9
124,124,25,166,3,Asia XI,317,9,Bangalore,M Chinnaswamy Stadium,317/9
125,125,26,169,3,Asia XI,317,9,Bangalore,M Chinnaswamy Stadium,317/9
126,126,27,176,3,Asia XI,317,9,Bangalore,M Chinnaswamy Stadium,317/9
127,127,28,181,3,Asia XI,317,9,Bangalore,M Chinnaswamy Stadium,317/9
128,128,29,186,3,Asia XI,317,9,Bangalore,M Chinnaswamy Stadium,317/9
129,129,30,191,3,Asia XI,317,9,Bangalore,M Chinnaswamy Stadium,317/9
130,130,31,202,3,Asia XI,317,9,Bangalore,M Chinnaswamy Stadium,317/9
131,131,32,211,3,Asia XI,317,9,Bangalore,M Chinnaswamy Stadium,317/9
132,132,33,216,3,Asia XI,317,9,Bangalore,M Chinnaswamy Stadium,317/9
133,133,34,221,4,Asia XI,317,9,Bangalore,M Chinnaswamy Stadium,317/9
134,134,35,226,4,Asia XI,317,9,Bangalore,M Chinnaswamy Stadium,317/9
135,135,36,234,4,Asia XI,317,9,Bangalore,M Chinnaswamy Stadium,317/9
136,136,37,238,4,Asia XI,317,9,Bangalore,M Chinnaswamy Stadium,317/9
137,137,38,242,4,Asia XI,317,9,Bangalore,M Chinnaswamy Stadium,317/9
138,138,39,255,4,Asia XI,317,9,Bangalore,M Chinnaswamy Stadium,317/9
139,139,40,265,4,Asia XI,317,9,Bangalore,M Chinnaswamy Stadium,317/9
140,140,41,269,4,Asia XI,317,9,Bangalore,M Chinnaswamy Stadium,317/9
141,141,42,276,5,Asia XI,317,9,Bangalore,M Chinnaswamy Stadium,317/9
142,142,43,277,6,Asia XI,317,9,Bangalore,M Chinnaswamy Stadium,317/9
143,143,44,279,7,Asia XI,317,9,Bangalore,M Chinnaswamy Stadium,317/9
144,144,45,281,7,Asia XI,317,9,Bangalore,M Chinnaswamy Stadium,317/9
145,145,46,287,7,Asia XI,317,9,Bangalore,M Chinnaswamy Stadium,317/9
146,146,47,300,7,Asia XI,317,9,Bangalore,M Chinnaswamy Stadium,317/9
147,147,48,307,7,Asia XI,317,9,Bangalore,M Chinnaswamy Stadium,317/9
148,148,49,309,8,Asia XI,317,9,Bangalore,M Chinnaswamy Stadium,317/9
149,149,50,317,9,Asia XI,317,9,Bangalore,M Chinnaswamy Stadium,317/9
150,150,1,8,0,Asia XI,331,8,Chennai,"MA Chidambaram Stadium, Chepauk",331/8
151,151,2,8,0,Asia XI,331,8,Chennai,"MA Chidambaram Stadium, Chepauk",331/8
152,152,3,9,1,Asia XI,331,8,Chennai,"MA Chidambaram Stadium, Chepauk",331/8
153,153,4,17,1,Asia XI,331,8,Chennai,"MA Chidambaram Stadium, Chepauk",331/8
154,154,5,25,1,Asia XI,331,8,Chennai,"MA Chidambaram Stadium, Chepauk",331/8
155,155,6,30,2,Asia XI,331,8,Chennai,"MA Chidambaram Stadium, Chepauk",331/8
156,156,7,32,2,Asia XI,331,8,Chennai,"MA Chidambaram Stadium, Chepauk",331/8
157,157,8,40,2,Asia XI,331,8,Chennai,"MA Chidambaram Stadium, Chepauk",331/8
158,158,9,45,2,Asia XI,331,8,Chennai,"MA Chidambaram Stadium, Chepauk",331/8
159,159,10,47,3,Asia XI,331,8,Chennai,"MA Chidambaram Stadium, Chepauk",331/8
160,160,11,51,3,Asia XI,331,8,Chennai,"MA Chidambaram Stadium, Chepauk",331/8
161,161,12,51,4,Asia XI,331,8,Chennai,"MA Chidambaram Stadium, Chepauk",331/8
162,162,13,59,4,Asia XI,331,8,Chennai,"MA Chidambaram Stadium, Chepauk",331/8
163,163,14,62,4,Asia XI,331,8,Chennai,"MA Chidambaram Stadium, Chepauk",331/8
164,164,15,66,4,Asia XI,331,8,Chennai,"MA Chidambaram Stadium, Chepauk",331/8
165,165,16,70,4,Asia XI,331,8,Chennai,"MA Chidambaram Stadium, Chepauk",331/8
166,166,17,72,5,Asia XI,331,8,Chennai,"MA Chidambaram Stadium, Chepauk",331/8
167,167,18,77,5,Asia XI,331,8,Chennai,"MA Chidambaram Stadium, Chepauk",331/8
168,168,19,83,5,Asia XI,331,8,Chennai,"MA Chidambaram Stadium, Chepauk",331/8
169,169,20,83,5,Asia XI,331,8,Chennai,"MA Chidambaram Stadium, Chepauk",331/8
170,170,21,88,5,Asia XI,331,8,Chennai,"MA Chidambaram Stadium, Chepauk",331/8
171,171,22,89,5,Asia XI,331,8,Chennai,"MA Chidambaram Stadium, Chepauk",331/8
172,172,23,95,5,Asia XI,331,8,Chennai,"MA Chidambaram Stadium, Chepauk",331/8
173,173,24,97,5,Asia XI,331,8,Chennai,"MA Chidambaram Stadium, Chepauk",331/8
174,174,25,101,5,Asia XI,331,8,Chennai,"MA Chidambaram Stadium, Chepauk",331/8
175,175,26,109,5,Asia XI,331,8,Chennai,"MA Chidambaram Stadium, Chepauk",331/8
176,176,27,120,5,Asia XI,331,8,Chennai,"MA Chidambaram Stadium, Chepauk",331/8
177,177,28,127,5,Asia XI,331,8,Chennai,"MA Chidambaram Stadium, Chepauk",331/8
178,178,29,137,5,Asia XI,331,8,Chennai,"MA Chidambaram Stadium, Chepauk",331/8
179,179,30,145,5,Asia XI,331,8,Chennai,"MA Chidambaram Stadium, Chepauk",331/8
180,180,31,149,5,Asia XI,331,8,Chennai,"MA Chidambaram Stadium, Chepauk",331/8
181,181,32,156,5,Asia XI,331,8,Chennai,"MA Chidambaram Stadium, Chepauk",331/8
182,182,33,159,5,Asia XI,331,8,Chennai,"MA Chidambaram Stadium, Chepauk",331/8
183,183,34,166,5,Asia XI,331,8,Chennai,"MA Chidambaram Stadium, Chepauk",331/8
184,184,35,168,5,Asia XI,331,8,Chennai,"MA Chidambaram Stadium, Chepauk",331/8
185,185,36,173,5,Asia XI,331,8,Chennai,"MA Chidambaram Stadium, Chepauk",331/8
186,186,37,185,5,Asia XI,331,8,Chennai,"MA Chidambaram Stadium, Chepauk",331/8
187,187,38,193,5,Asia XI,331,8,Chennai,"MA Chidambaram Stadium, Chepauk",331/8
188,188,39,205,5,Asia XI,331,8,Chennai,"MA Chidambaram Stadium, Chepauk",331/8
189,189,40,223,5,Asia XI,331,8,Chennai,"MA Chidambaram Stadium, Chepauk",331/8
190,190,41,235,5,Asia XI,331,8,Chennai,"MA Chidambaram Stadium, Chepauk",331/8
191,191,42,255,5,Asia XI,331,8,Chennai,"MA Chidambaram Stadium, Chepauk",331/8
192,192,43,266,5,Asia XI,331,8,Chennai,"MA Chidambaram Stadium, Chepauk",331/8
193,193,44,270,5,Asia XI,331,8,Chennai,"MA Chidambaram Stadium, Chepauk",331/8
194,194,45,278,5,Asia XI,331,8,Chennai,"MA Chidambaram Stadium, Chepauk",331/8
195,195,46,289,5,Asia XI,331,8,Chennai,"MA Chidambaram Stadium, Chepauk",331/8
196,196,47,292,6,Asia XI,331,8,Chennai,"MA Chidambaram Stadium, Chepauk",331/8
197,197,48,310,7,Asia XI,331,8,Chennai,"MA Chidambaram Stadium, Chepauk",331/8
198,198,49,315,8,Asia XI,331,8,Chennai,"MA Chidambaram Stadium, Chepauk",331/8
199,199,50,331,8,Asia XI,331,8,Chennai,"MA Chidambaram Stadium, Chepauk",331/8
200,200,1,12,0,Asia XI,337,7,Chennai,"MA Chidambaram Stadium, Chepauk",337/7
201,201,2,12,0,Asia XI,337,7,Chennai,"MA Chidambaram Stadium, Chepauk",337/7
202,202,3,22,0,Asia XI,337,7,Chennai,"MA Chidambaram Stadium, Chepauk",337/7
203,203,4,30,0,Asia XI,337,7,Chennai,"MA Chidambaram Stadium, Chepauk",337/7
204,204,5,37,1,Asia XI,337,7,Chennai,"MA Chidambaram Stadium, Chepauk",337/7
205,205,6,42,1,Asia XI,337,7,Chennai,"MA Chidambaram Stadium, Chepauk",337/7
206,206,7,43,1,Asia XI,337,7,Chennai,"MA Chidambaram Stadium, Chepauk",337/7
207,207,8,48,1,Asia XI,337,7,Chennai,"MA Chidambaram Stadium, Chepauk",337/7
208,208,9,51,1,Asia XI,337,7,Chennai,"MA Chidambaram Stadium, Chepauk",337/7
209,209,10,68,1,Asia XI,337,7,Chennai,"MA Chidambaram Stadium, Chepauk",337/7
210,210,11,71,1,Asia XI,337,7,Chennai,"MA Chidambaram Stadium, Chepauk",337/7
211,211,12,79,2,Asia XI,337,7,Chennai,"MA Chidambaram Stadium, Chepauk",337/7
212,212,13,86,2,Asia XI,337,7,Chennai,"MA Chidambaram Stadium, Chepauk",337/7
213,213,14,92,2,Asia XI,337,7,Chennai,"MA Chidambaram Stadium, Chepauk",337/7
214,214,15,94,2,Asia XI,337,7,Chennai,"MA Chidambaram Stadium, Chepauk",337/7
215,215,16,95,2,Asia XI,337,7,Chennai,"MA Chidambaram Stadium, Chepauk",337/7
216,216,17,97,2,Asia XI,337,7,Chennai,"MA Chidambaram Stadium, Chepauk",337/7
217,217,18,103,2,Asia XI,337,7,Chennai,"MA Chidambaram Stadium, Chepauk",337/7
218,218,19,109,2,Asia XI,337,7,Chennai,"MA Chidambaram Stadium, Chepauk",337/7
219,219,20,114,2,Asia XI,337,7,Chennai,"MA Chidambaram Stadium, Chepauk",337/7
220,220,21,117,2,Asia XI,337,7,Chennai,"MA Chidambaram Stadium, Chepauk",337/7
221,221,22,131,2,Asia XI,337,7,Chennai,"MA Chidambaram Stadium, Chepauk",337/7
222,222,23,133,2,Asia XI,337,7,Chennai,"MA Chidambaram Stadium, Chepauk",337/7
223,223,24,135,3,Asia XI,337,7,Chennai,"MA Chidambaram Stadium, Chepauk",337/7
224,224,25,151,3,Asia XI,337,7,Chennai,"MA Chidambaram Stadium, Chepauk",337/7
225,225,26,157,3,Asia XI,337,7,Chennai,"MA Chidambaram Stadium, Chepauk",337/7
226,226,27,164,3,Asia XI,337,7,Chennai,"MA Chidambaram Stadium, Chepauk",337/7
227,227,28,176,3,Asia XI,337,7,Chennai,"MA Chidambaram Stadium, Chepauk",337/7
228,228,29,180,3,Asia XI,337,7,Chennai,"MA Chidambaram Stadium, Chepauk",337/7
229,229,30,187,3,Asia XI,337,7,Chennai,"MA Chidambaram Stadium, Chepauk",337/7
230,230,31,189,3,Asia XI,337,7,Chennai,"MA Chidambaram Stadium, Chepauk",337/7
231,231,32,193,3,Asia XI,337,7,Chennai,"MA Chidambaram Stadium, Chepauk",337/7
232,232,33,200,3,Asia XI,337,7,Chennai,"MA Chidambaram Stadium, Chepauk",337/7
233,233,34,207,3,Asia XI,337,7,Chennai,"MA Chidambaram Stadium, Chepauk",337/7
234,234,35,214,3,Asia XI,337,7,Chennai,"MA Chidambaram Stadium, Chepauk",337/7
235,235,36,214,4,Asia XI,337,7,Chennai,"MA Chidambaram Stadium, Chepauk",337/7
236,236,37,218,4,Asia XI,337,7,Chennai,"MA Chidambaram Stadium, Chepauk",337/7
237,237,38,223,4,Asia XI,337,7,Chennai,"MA Chidambaram Stadium, Chepauk",337/7
238,238,39,234,4,Asia XI,337,7,Chennai,"MA Chidambaram Stadium, Chepauk",337/7
239,239,40,246,4,Asia XI,337,7,Chennai,"MA Chidambaram Stadium, Chepauk",337/7
240,240,41,257,4,Asia XI,337,7,Chennai,"MA Chidambaram Stadium, Chepauk",337/7
241,241,42,266,4,Asia XI,337,7,Chennai,"MA Chidambaram Stadium, Chepauk",337/7
242,242,43,270,4,Asia XI,337,7,Chennai,"MA Chidambaram Stadium, Chepauk",337/7
243,243,44,282,4,Asia XI,337,7,Chennai,"MA Chidambaram Stadium, Chepauk",337/7
244,244,45,287,4,Asia XI,337,7,Chennai,"MA Chidambaram Stadium, Chepauk",337/7
245,245,46,298,4,Asia XI,337,7,Chennai,"MA Chidambaram Stadium, Chepauk",337/7
246,246,47,308,5,Asia XI,337,7,Chennai,"MA Chidambaram Stadium, Chepauk",337/7
247,247,48,317,5,Asia XI,337,7,Chennai,"MA Chidambaram Stadium, Chepauk",337/7
248,248,49,331,5,Asia XI,337,7,Chennai,"MA Chidambaram Stadium, Chepauk",337/7
249,249,50,337,7,Asia XI,337,7,Chennai,"MA Chidambaram Stadium, Chepauk",337/7
250,250,1,13,0,Asia XI,317,9,Bangalore,M Chinnaswamy Stadium,317/9
251,251,2,19,0,Asia XI,317,9,Bangalore,M Chinnaswamy Stadium,317/9
252,252,3,20,0,Asia XI,317,9,Bangalore,M Chinnaswamy Stadium,317/9
253,253,4,26,0,Asia XI,317,9,Bangalore,M Chinnaswamy Stadium,317/9
254,254,5,36,1,Asia XI,317,9,Bangalore,M Chinnaswamy Stadium,317/9
255,255,6,48,1,Asia XI,317,9,Bangalore,M Chinnaswamy Stadium,317/9
256,256,7,64,1,Asia XI,317,9,Bangalore,M Chinnaswamy Stadium,317/9
257,257,8,70,1,Asia XI,317,9,Bangalore,M Chinnaswamy Stadium,317/9
258,258,9,78,1,Asia XI,317,9,Bangalore,M Chinnaswamy Stadium,317/9
259,259,10,83,1,Asia XI,317,9,Bangalore,M Chinnaswamy Stadium,317/9
260,260,11,86,1,Asia XI,317,9,Bangalore,M Chinnaswamy Stadium,317/9
261,261,12,97,1,Asia XI,317,9,Bangalore,M Chinnaswamy Stadium,317/9
262,262,13,104,1,Asia XI,317,9,Bangalore,M Chinnaswamy Stadium,317/9
263,263,14,110,2,Asia XI,317,9,Bangalore,M Chinnaswamy Stadium,317/9
264,264,15,115,2,Asia XI,317,9,Bangalore,M Chinnaswamy Stadium,317/9
265,265,16,119,2,Asia XI,317,9,Bangalore,M Chinnaswamy Stadium,317/9
266,266,17,126,2,Asia XI,317,9,Bangalore,M Chinnaswamy Stadium,317/9
267,267,18,131,3,Asia XI,317,9,Bangalore,M Chinnaswamy Stadium,317/9
268,268,19,134,3,Asia XI,317,9,Bangalore,M Chinnaswamy Stadium,317/9
269,269,20,139,3,Asia XI,317,9,Bangalore,M Chinnaswamy Stadium,317/9
270,270,21,141,3,Asia XI,317,9,Bangalore,M Chinnaswamy Stadium,317/9
271,271,22,146,3,Asia XI,317,9,Bangalore,M Chinnaswamy Stadium,317/9
272,272,23,149,3,Asia XI,317,9,Bangalore,M Chinnaswamy Stadium,317/9
273,273,24,158,3,Asia XI,317,9,Bangalore,M Chinnaswamy Stadium,317/9
274,274,25,166,3,Asia XI,317,9,Bangalore,M Chinnaswamy Stadium,317/9
275,275,26,169,3,Asia XI,317,9,Bangalore,M Chinnaswamy Stadium,317/9
276,276,27,176,3,Asia XI,317,9,Bangalore,M Chinnaswamy Stadium,317/9
277,277,28,181,3,Asia XI,317,9,Bangalore,M Chinnaswamy Stadium,317/9
278,278,29,186,3,Asia XI,317,9,Bangalore,M Chinnaswamy Stadium,317/9
279,279,30,191,3,Asia XI,317,9,Bangalore,M Chinnaswamy Stadium,317/9
280,280,31,202,3,Asia XI,317,9,Bangalore,M Chinnaswamy Stadium,317/9
281,281,32,211,3,Asia XI,317,9,Bangalore,M Chinnaswamy Stadium,317/9
282,282,33,216,3,Asia XI,317,9,Bangalore,M Chinnaswamy Stadium,317/9
283,283,34,221,4,Asia XI,317,9,Bangalore,M Chinnaswamy Stadium,317/9
284,284,35,226,4,Asia XI,317,9,Bangalore,M Chinnaswamy Stadium,317/9
285,285,36,234,4,Asia XI,317,9,Bangalore,M Chinnaswamy Stadium,317/9
286,286,37,238,4,Asia XI,317,9,Bangalore,M Chinnaswamy Stadium,317/9
287,287,38,242,4,Asia XI,317,9,Bangalore,M Chinnaswamy Stadium,317/9
288,288,39,255,4,Asia XI,317,9,Bangalore,M Chinnaswamy Stadium,317/9
289,289,40,265,4,Asia XI,317,9,Bangalore,M Chinnaswamy Stadium,317/9
290,290,41,269,4,Asia XI,317,9,Bangalore,M Chinnaswamy Stadium,317/9
291,291,42,276,5,Asia XI,317,9,Bangalore,M Chinnaswamy Stadium,317/9
292,292,43,277,6,Asia XI,317,9,Bangalore,M Chinnaswamy Stadium,317/9
293,293,44,279,7,Asia XI,317,9,Bangalore,M Chinnaswamy Stadium,317/9
294,294,45,281,7,Asia XI,317,9,Bangalore,M Chinnaswamy Stadium,317/9
295,295,46,287,7,Asia XI,317,9,Bangalore,M Chinnaswamy Stadium,317/9
296,296,47,300,7,Asia XI,317,9,Bangalore,M Chinnaswamy Stadium,317/9
297,297,48,307,7,Asia XI,317,9,Bangalore,M Chinnaswamy Stadium,317/9
298,298,49,309,8,Asia XI,317,9,Bangalore,M Chinnaswamy Stadium,317/9
299,299,50,317,9,Asia XI,317,9,Bangalore,M Chinnaswamy Stadium,317/9
300,300,1,8,0,Asia XI,331,8,Chennai,"MA Chidambaram Stadium, Chepauk",331/8
301,301,2,8,0,Asia XI,331,8,Chennai,"MA Chidambaram Stadium, Chepauk",331/8
302,302,3,9,1,Asia XI,331,8,Chennai,"MA Chidambaram Stadium, Chepauk",331/8
303,303,4,17,1,Asia XI,331,8,Chennai,"MA Chidambaram Stadium, Chepauk",331/8
304,304,5,25,1,Asia XI,331,8,Chennai,"MA Chidambaram Stadium, Chepauk",331/8
305,305,6,30,2,Asia XI,331,8,Chennai,"MA Chidambaram Stadium, Chepauk",331/8
306,306,7,32,2,Asia XI,331,8,Chennai,"MA Chidambaram Stadium, Chepauk",331/8
307,307,8,40,2,Asia XI,331,8,Chennai,"MA Chidambaram Stadium, Chepauk",331/8
308,308,9,45,2,Asia XI,331,8,Chennai,"MA Chidambaram Stadium, Chepauk",331/8
309,309,10,47,3,Asia XI,331,8,Chennai,"MA Chidambaram Stadium, Chepauk",331/8
310,310,11,51,3,Asia XI,331,8,Chennai,"MA Chidambaram Stadium, Chepauk",331/8
311,311,12,51,4,Asia XI,331,8,Chennai,"MA Chidambaram Stadium, Chepauk",331/8
312,312,13,59,4,Asia XI,331,8,Chennai,"MA Chidambaram Stadium, Chepauk",331/8
313,313,14,62,4,Asia XI,331,8,Chennai,"MA Chidambaram Stadium, Chepauk",331/8
314,314,15,66,4,Asia XI,331,8,Chennai,"MA Chidambaram Stadium, Chepauk",331/8
315,315,16,70,4,Asia XI,331,8,Chennai,"MA Chidambaram Stadium, Chepauk",331/8
316,316,17,72,5,Asia XI,331,8,Chennai,"MA Chidambaram Stadium, Chepauk",331/8
317,317,18,77,5,Asia XI,331,8,Chennai,"MA Chidambaram Stadium, Chepauk",331/8
318,318,19,83,5,Asia XI,331,8,Chennai,"MA Chidambaram Stadium, Chepauk",331/8
319,319,20,83,5,Asia XI,331,8,Chennai,"MA Chidambaram Stadium, Chepauk",331/8
320,320,21,88,5,Asia XI,331,8,Chennai,"MA Chidambaram Stadium, Chepauk",331/8
321,321,22,89,5,Asia XI,331,8,Chennai,"MA Chidambaram Stadium, Chepauk",331/8
322,322,23,95,5,Asia XI,331,8,Chennai,"MA Chidambaram Stadium, Chepauk",331/8
323,323,24,97,5,Asia XI,331,8,Chennai,"MA Chidambaram Stadium, Chepauk",331/8
324,324,25,101,5,Asia XI,331,8,Chennai,"MA Chidambaram Stadium, Chepauk",331/8
325,325,26,109,5,Asia XI,331,8,Chennai,"MA Chidambaram Stadium, Chepauk",331/8
326,326,27,120,5,Asia XI,331,8,Chennai,"MA Chidambaram Stadium, Chepauk",331/8
327,327,28,127,5,Asia XI,331,8,Chennai,"MA Chidambaram Stadium, Chepauk",331/8
328,328,29,137,5,Asia XI,331,8,Chennai,"MA Chidambaram Stadium, Chepauk",331/8
329,329,30,145,5,Asia XI,331,8,Chennai,"MA Chidambaram Stadium, Chepauk",331/8
330,330,31,149,5,Asia XI,331,8,Chennai,"MA Chidambaram Stadium, Chepauk",331/8
331,331,32,156,5,Asia XI,331,8,Chennai,"MA Chidambaram Stadium, Chepauk",331/8
332,332,33,159,5,Asia XI,331,8,Chennai,"MA Chidambaram Stadium, Chepauk",331/8
333,333,34,166,5,Asia XI,331,8,Chennai,"MA Chidambaram Stadium, Chepauk",331/8
334,334,35,168,5,Asia XI,331,8,Chennai,"MA Chidambaram Stadium, Chepauk",331/8
335,335,36,173,5,Asia XI,331,8,Chennai,"MA Chidambaram Stadium, Chepauk",331/8
336,336,37,185,5,Asia XI,331,8,Chennai,"MA Chidambaram Stadium, Chepauk",331/8
337,337,38,193,5,Asia XI,331,8,Chennai,"MA Chidambaram Stadium, Chepauk",331/8
338,338,39,205,5,Asia XI,331,8,Chennai,"MA Chidambaram Stadium, Chepauk",331/8
339,339,40,223,5,Asia XI,331,8,Chennai,"MA Chidambaram Stadium, Chepauk",331/8
340,340,41,235,5,Asia XI,331,8,Chennai,"MA Chidambaram Stadium, Chepauk",331/8
341,341,42,255,5,Asia XI,331,8,Chennai,"MA Chidambaram Stadium, Chepauk",331/8
342,342,43,266,5,Asia XI,331,8,Chennai,"MA Chidambaram Stadium, Chepauk",331/8
343,343,44,270,5,Asia XI,331,8,Chennai,"MA Chidambaram Stadium, Chepauk",331/8
344,344,45,278,5,Asia XI,331,8,Chennai,"MA Chidambaram Stadium, Chepauk",331/8
345,345,46,289,5,Asia XI,331,8,Chennai,"MA Chidambaram Stadium, Chepauk",331/8
346,346,47,292,6,Asia XI,331,8,Chennai,"MA Chidambaram Stadium, Chepauk",331/8
347,347,48,310,7,Asia XI,331,8,Chennai,"MA Chidambaram Stadium, Chepauk",331/8
348,348,49,315,8,Asia XI,331,8,Chennai,"MA Chidambaram Stadium, Chepauk",331/8
349,349,50,331,8,Asia XI,331,8,Chennai,"MA Chidambaram Stadium, Chepauk",331/8
350,350,1,12,0,Asia XI,337,7,Chennai,"MA Chidambaram Stadium, Chepauk",337/7
351,351,2,12,0,Asia XI,337,7,Chennai,"MA Chidambaram Stadium, Chepauk",337/7
352,352,3,22,0,Asia XI,337,7,Chennai,"MA Chidambaram Stadium, Chepauk",337/7
353,353,4,30,0,Asia XI,337,7,Chennai,"MA Chidambaram Stadium, Chepauk",337/7
354,354,5,37,1,Asia XI,337,7,Chennai,"MA Chidambaram Stadium, Chepauk",337/7
355,355,6,42,1,Asia XI,337,7,Chennai,"MA Chidambaram Stadium, Chepauk",337/7
356,356,7,43,1,Asia XI,337,7,Chennai,"MA Chidambaram Stadium, Chepauk",337/7
357,357,8,48,1,Asia XI,337,7,Chennai,"MA Chidambaram Stadium, Chepauk",337/7
358,358,9,51,1,Asia XI,337,7,Chennai,"MA Chidambaram Stadium, Chepauk",337/7
359,359,10,68,1,Asia XI,337,7,Chennai,"MA Chidambaram Stadium, Chepauk",337/7
360,360,11,71,1,Asia XI,337,7,Chennai,"MA Chidambaram Stadium, Chepauk",337/7
361,361,12,79,2,Asia XI,337,7,Chennai,"MA Chidambaram Stadium, Chepauk",337/7
362,362,13,86,2,Asia XI,337,7,Chennai,"MA Chidambaram Stadium, Chepauk",337/7
363,363,14,92,2,Asia XI,337,7,Chennai,"MA Chidambaram Stadium, Chepauk",337/7
364,364,15,94,2,Asia XI,337,7,Chennai,"MA Chidambaram Stadium, Chepauk",337/7
365,365,16,95,2,Asia XI,337,7,Chennai,"MA Chidambaram Stadium, Chepauk",337/7
366,366,17,97,2,Asia XI,337,7,Chennai,"MA Chidambaram Stadium, Chepauk",337/7
367,367,18,103,2,Asia XI,337,7,Chennai,"MA Chidambaram Stadium, Chepauk",337/7
368,368,19,109,2,Asia XI,337,7,Chennai,"MA Chidambaram Stadium, Chepauk",337/7
369,369,20,114,2,Asia XI,337,7,Chennai,"MA Chidambaram Stadium, Chepauk",337/7
370,370,21,117,2,Asia XI,337,7,Chennai,"MA Chidambaram Stadium, Chepauk",337/7
371,371,22,131,2,Asia XI,337,7,Chennai,"MA Chidambaram Stadium, Chepauk",337/7
372,372,23,133,2,Asia XI,337,7,Chennai,"MA Chidambaram Stadium, Chepauk",337/7
373,373,24,135,3,Asia XI,337,7,Chennai,"MA Chidambaram Stadium, Chepauk",337/7
374,374,25,151,3,Asia XI,337,7,Chennai,"MA Chidambaram Stadium, Chepauk",337/7
375,375,26,157,3,Asia XI,337,7,Chennai,"MA Chidambaram Stadium, Chepauk",337/7
376,376,27,164,3,Asia XI,337,7,Chennai,"MA Chidambaram Stadium, Chepauk",337/7
377,377,28,176,3,Asia XI,337,7,Chennai,"MA Chidambaram Stadium, Chepauk",337/7
378,378,29,180,3,Asia XI,337,7,Chennai,"MA Chidambaram Stadium, Chepauk",337/7
379,379,30,187,3,Asia XI,337,7,Chennai,"MA Chidambaram Stadium, Chepauk",337/7
380,380,31,189,3,Asia XI,337,7,Chennai,"MA Chidambaram Stadium, Chepauk",337/7
381,381,32,193,3,Asia XI,337,7,Chennai,"MA Chidambaram Stadium, Chepauk",337/7
382,382,33,200,3,Asia XI,337,7,Chennai,"MA Chidambaram Stadium, Chepauk",337/7
383,383,34,207,3,Asia XI,337,7,Chennai,"MA Chidambaram Stadium, Chepauk",337/7
384,384,35,214,3,Asia XI,337,7,Chennai,"MA Chidambaram Stadium, Chepauk",337/7
385,385,36,214,4,Asia XI,337,7,Chennai,"MA Chidambaram Stadium, Chepauk",337/7
386,386,37,218,4,Asia XI,337,7,Chennai,"MA Chidambaram Stadium, Chepauk",337/7
387,387,38,223,4,Asia XI,337,7,Chennai,"MA Chidambaram Stadium, Chepauk",337/7
388,388,39,234,4,Asia XI,337,7,Chennai,"MA Chidambaram Stadium, Chepauk",337/7
389,389,40,246,4,Asia XI,337,7,Chennai,"MA Chidambaram Stadium, Chepauk",337/7
390,390,41,257,4,Asia XI,337,7,Chennai,"MA Chidambaram Stadium, Chepauk",337/7
391,391,42,266,4,Asia XI,337,7,Chennai,"MA Chidambaram Stadium, Chepauk",337/7
392,392,43,270,4,Asia XI,337,7,Chennai,"MA Chidambaram Stadium, Chepauk",337/7
393,393,44,282,4,Asia XI,337,7,Chennai,"MA Chidambaram Stadium, Chepauk",337/7
394,394,45,287,4,Asia XI,337,7,Chennai,"MA Chidambaram Stadium, Chepauk",337/7
395,395,46,298,4,Asia XI,337,7,Chennai,"MA Chidambaram Stadium, Chepauk",337/7
396,396,47,308,5,Asia XI,337,7,Chennai,"MA Chidambaram Stadium, Chepauk",337/7
397,397,48,317,5,Asia XI,337,7,Chennai,"MA Chidambaram Stadium, Chepauk",337/7
398,398,49,331,5,Asia XI,337,7,Chennai,"MA Chidambaram Stadium, Chepauk",337/7
399,399,50,337,7,Asia XI,337,7,Chennai,"MA Chidambaram Stadium, Chepauk",337/7
400,400,1,13,0,Asia XI,317,9,Bangalore,M Chinnaswamy Stadium,317/9
401,401,2,19,0,Asia XI,317,9,Bangalore,M Chinnaswamy Stadium,317/9
402,402,3,20,0,Asia XI,317,9,Bangalore,M Chinnaswamy Stadium,317/9
403,403,4,26,0,Asia XI,317,9,Bangalore,M Chinnaswamy Stadium,317/9
404,404,5,36,1,Asia XI,317,9,Bangalore,M Chinnaswamy Stadium,317/9
405,405,6,48,1,Asia XI,317,9,Bangalore,M Chinnaswamy Stadium,317/9
406,406,7,64,1,Asia XI,317,9,Bangalore,M Chinnaswamy Stadium,317/9
407,407,8,70,1,Asia XI,317,9,Bangalore,M Chinnaswamy Stadium,317/9
408,408,9,78,1,Asia XI,317,9,Bangalore,M Chinnaswamy Stadium,317/9
409,409,10,83,1,Asia XI,317,9,Bangalore,M Chinnaswamy Stadium,317/9
410,410,11,86,1,Asia XI,317,9,Bangalore,M Chinnaswamy Stadium,317/9
411,411,12,97,1,Asia XI,317,9,Bangalore,M Chinnaswamy Stadium,317/9
412,412,13,104,1,Asia XI,317,9,Bangalore,M Chinnaswamy Stadium,317/9
413,413,14,110,2,Asia XI,317,9,Bangalore,M Chinnaswamy Stadium,317/9
414,414,15,115,2,Asia XI,317,9,Bangalore,M Chinnaswamy Stadium,317/9
415,415,16,119,2,Asia XI,317,9,Bangalore,M Chinnaswamy Stadium,317/9
416,416,17,126,2,Asia XI,317,9,Bangalore,M Chinnaswamy Stadium,317/9
417,417,18,131,3,Asia XI,317,9,Bangalore,M Chinnaswamy Stadium,317/9
418,418,19,134,3,Asia XI,317,9,Bangalore,M Chinnaswamy Stadium,317/9
419,419,20,139,3,Asia XI,317,9,Bangalore,M Chinnaswamy Stadium,317/9
420,420,21,141,3,Asia XI,317,9,Bangalore,M Chinnaswamy Stadium,317/9
421,421,22,146,3,Asia XI,317,9,Bangalore,M Chinnaswamy Stadium,317/9
422,422,23,149,3,Asia XI,317,9,Bangalore,M Chinnaswamy Stadium,317/9
423,423,24,158,3,Asia XI,317,9,Bangalore,M Chinnaswamy Stadium,317/9
424,424,25,166,3,Asia XI,317,9,Bangalore,M Chinnaswamy Stadium,317/9
425,425,26,169,3,Asia XI,317,9,Bangalore,M Chinnaswamy Stadium,317/9
426,426,27,176,3,Asia XI,317,9,Bangalore,M Chinnaswamy Stadium,317/9
427,427,28,181,3,Asia XI,317,9,Bangalore,M Chinnaswamy Stadium,317/9
428,428,29,186,3,Asia XI,317,9,Bangalore,M Chinnaswamy Stadium,317/9
429,429,30,191,3,Asia XI,317,9,Bangalore,M Chinnaswamy Stadium,317/9
430,430,31,202,3,Asia XI,317,9,Bangalore,M Chinnaswamy Stadium,317/9
431,431,32,211,3,Asia XI,317,9,Bangalore,M Chinnaswamy Stadium,317/9
432,432,33,216,3,Asia XI,317,9,Bangalore,M Chinnaswamy Stadium,317/9
433,433,34,221,4,Asia XI,317,9,Bangalore,M Chinnaswamy Stadium,317/9
434,434,35,226,4,Asia XI,317,9,Bangalore,M Chinnaswamy Stadium,317/9
435,435,36,234,4,Asia XI,317,9,Bangalore,M Chinnaswamy Stadium,317/9
436,436,37,238,4,Asia XI,317,9,Bangalore,M Chinnaswamy Stadium,317/9
437,437,38,242,4,Asia XI,317,9,Bangalore,M Chinnaswamy Stadium,317/9
438,438,39,255,4,Asia XI,317,9,Bangalore,M Chinnaswamy Stadium,317/9
439,439,40,265,4,Asia XI,317,9,Bangalore,M Chinnaswamy Stadium,317/9
440,440,41,269,4,Asia XI,317,9,Bangalore,M Chinnaswamy Stadium,317/9
441,441,42,276,5,Asia XI,317,9,Bangalore,M Chinnaswamy Stadium,317/9
442,442,43,277,6,Asia XI,317,9,Bangalore,M Chinnaswamy Stadium,317/9
443,443,44,279,7,Asia XI,317,9,Bangalore,M Chinnaswamy Stadium,317/9
444,444,45,281,7,Asia XI,317,9,Bangalore,M Chinnaswamy Stadium,317/9
445,445,46,287,7,Asia XI,317,9,Bangalore,M Chinnaswamy Stadium,317/9
446,446,47,300,7,Asia XI,317,9,Bangalore,M Chinnaswamy Stadium,317/9
447,447,48,307,7,Asia XI,317,9,Bangalore,M Chinnaswamy Stadium,317/9
448,448,49,309,8,Asia XI,317,9,Bangalore,M Chinnaswamy Stadium,317/9
449,449,50,317,9,Asia XI,317,9,Bangalore,M Chinnaswamy Stadium,317/9
450,450,1,8,0,Asia XI,331,8,Chennai,"MA Chidambaram Stadium, Chepauk",331/8
451,451,2,8,0,Asia XI,331,8,Chennai,"MA Chidambaram Stadium, Chepauk",331/8
452,452,3,9,1,Asia XI,331,8,Chennai,"MA Chidambaram Stadium, Chepauk",331/8
453,453,4,17,1,Asia XI,331,8,Chennai,"MA Chidambaram Stadium, Chepauk",331/8
454,454,5,25,1,Asia XI,331,8,Chennai,"MA Chidambaram Stadium, Chepauk",331/8
455,455,6,30,2,Asia XI,331,8,Chennai,"MA Chidambaram Stadium, Chepauk",331/8
456,456,7,32,2,Asia XI,331,8,Chennai,"MA Chidambaram Stadium, Chepauk",331/8
457,457,8,40,2,Asia XI,331,8,Chennai,"MA Chidambaram Stadium, Chepauk",331/8
458,458,9,45,2,Asia XI,331,8,Chennai,"MA Chidambaram Stadium, Chepauk",331/8
459,459,10,47,3,Asia XI,331,8,Chennai,"MA Chidambaram Stadium, Chepauk",331/8
460,460,11,51,3,Asia XI,331,8,Chennai,"MA Chidambaram Stadium, Chepauk",331/8
461,461,12,51,4,Asia XI,331,8,Chennai,"MA Chidambaram Stadium, Chepauk",331/8
462,462,13,59,4,Asia XI,331,8,Chennai,"MA Chidambaram Stadium, Chepauk",331/8
463,463,14,62,4,Asia XI,331,8,Chennai,"MA Chidambaram Stadium, Chepauk",331/8
464,464,15,66,4,Asia XI,331,8,Chennai,"MA Chidambaram Stadium, Chepauk",331/8
465,465,16,70,4,Asia XI,331,8,Chennai,"MA Chidambaram Stadium, Chepauk",331/8
466,466,17,72,5,Asia XI,331,8,Chennai,"MA Chidambaram Stadium, Chepauk",331/8
467,467,18,77,5,Asia XI,331,8,Chennai,"MA Chidambaram Stadium, Chepauk",331/8
468,468,19,83,5,Asia XI,331,8,Chennai,"MA Chidambaram Stadium, Chepauk",331/8
469,469,20,83,5,Asia XI,331,8,Chennai,"MA Chidambaram Stadium, Chepauk",331/8
470,470,21,88,5,Asia XI,331,8,Chennai,"MA Chidambaram Stadium, Chepauk",331/8
471,471,22,89,5,Asia XI,331,8,Chennai,"MA Chidambaram Stadium, Chepauk",331/8
472,472,23,95,5,Asia XI,331,8,Chennai,"MA Chidambaram Stadium, Chepauk",331/8
473,473,24,97,5,Asia XI,331,8,Chennai,"MA Chidambaram Stadium, Chepauk",331/8
474,474,25,101,5,Asia XI,331,8,Chennai,"MA Chidambaram Stadium, Chepauk",331/8
475,475,26,109,5,Asia XI,331,8,Chennai,"MA Chidambaram Stadium, Chepauk",331/8
476,476,27,120,5,Asia XI,331,8,Chennai,"MA Chidambaram Stadium, Chepauk",331/8
477,477,28,127,5,Asia XI,331,8,Chennai,"MA Chidambaram Stadium, Chepauk",331/8
478,478,29,137,5,Asia XI,331,8,Chennai,"MA Chidambaram Stadium, Chepauk",331/8
479,479,30,145,5,Asia XI,331,8,Chennai,"MA Chidambaram Stadium, Chepauk",331/8
480,480,31,149,5,Asia XI,331,8,Chennai,"MA Chidambaram Stadium, Chepauk",331/8
481,481,32,156,5,Asia XI,331,8,Chennai,"MA Chidambaram Stadium, Chepauk",331/8
482,482,33,159,5,Asia XI,331,8,Chennai,"MA Chidambaram Stadium, Chepauk",331/8
483,483,34,166,5,Asia XI,331,8,Chennai,"MA Chidambaram Stadium, Chepauk",331/8
484,484,35,168,5,Asia XI,331,8,Chennai,"MA Chidambaram Stadium, Chepauk",331/8
485,485,36,173,5,Asia XI,331,8,Chennai,"MA Chidambaram Stadium, Chepauk",331/8
486,486,37,185,5,Asia XI,331,8,Chennai,"MA Chidambaram Stadium, Chepauk",331/8
487,487,38,193,5,Asia XI,331,8,Chennai,"MA Chidambaram Stadium, Chepauk",331/8
488,488,39,205,5,Asia XI,331,8,Chennai,"MA Chidambaram Stadium, Chepauk",331/8
489,489,40,223,5,Asia XI,331,8,Chennai,"MA Chidambaram Stadium, Chepauk",331/8
490,490,41,235,5,Asia XI,331,8,Chennai,"MA Chidambaram Stadium, Chepauk",331/8
491,491,42,255,5,Asia XI,331,8,Chennai,"MA Chidambaram Stadium, Chepauk",331/8
492,492,43,266,5,Asia XI,331,8,Chennai,"MA Chidambaram Stadium, Chepauk",331/8
493,493,44,270,5,Asia XI,331,8,Chennai,"MA Chidambaram Stadium, Chepauk",331/8
494,494,45,278,5,Asia XI,331,8,Chennai,"MA Chidambaram Stadium, Chepauk",331/8
495,495,46,289,5,Asia XI,331,8,Chennai,"MA Chidambaram Stadium, Chepauk",331/8
496,496,47,292,6,Asia XI,331,8,Chennai,"MA Chidambaram Stadium, Chepauk",331/8
497,497,48,310,7,Asia XI,331,8,Chennai,"MA Chidambaram Stadium, Chepauk",331/8
498,498,49,315,8,Asia XI,331,8,Chennai,"MA Chidambaram Stadium, Chepauk",331/8
499,499,50,331,8,Asia XI,331,8,Chennai,"MA Chidambaram Stadium, Chepauk",331/8
500,500,1,12,0,Asia XI,337,7,Chennai,"MA Chidambaram Stadium, Chepauk",337/7
501,501,2,12,0,Asia XI,337,7,Chennai,"MA Chidambaram Stadium, Chepauk",337/7
502,502,3,22,0,Asia XI,337,7,Chennai,"MA Chidambaram Stadium, Chepauk",337/7
503,503,4,30,0,Asia XI,337,7,Chennai,"MA Chidambaram Stadium, Chepauk",337/7
504,504,5,37,1,Asia XI,337,7,Chennai,"MA Chidambaram Stadium, Chepauk",337/7
505,505,6,42,1,Asia XI,337,7,Chennai,"MA Chidambaram Stadium, Chepauk",337/7
506,506,7,43,1,Asia XI,337,7,Chennai,"MA Chidambaram Stadium, Chepauk",337/7
507,507,8,48,1,Asia XI,337,7,Chennai,"MA Chidambaram Stadium, Chepauk",337/7
508,508,9,51,1,Asia XI,337,7,Chennai,"MA Chidambaram Stadium, Chepauk",337/7
509,509,10,68,1,Asia XI,337,7,Chennai,"MA Chidambaram Stadium, Chepauk",337/7
510,510,11,71,1,Asia XI,337,7,Chennai,"MA Chidambaram Stadium, Chepauk",337/7
511,511,12,79,2,Asia XI,337,7,Chennai,"MA Chidambaram Stadium, Chepauk",337/7
512,512,13,86,2,Asia XI,337,7,Chennai,"MA Chidambaram Stadium, Chepauk",337/7
513,513,14,92,2,Asia XI,337,7,Chennai,"MA Chidambaram Stadium, Chepauk",337/7
514,514,15,94,2,Asia XI,337,7,Chennai,"MA Chidambaram Stadium, Chepauk",337/7
515,515,16,95,2,Asia XI,337,7,Chennai,"MA Chidambaram Stadium, Chepauk",337/7
516,516,17,97,2,Asia XI,337,7,Chennai,"MA Chidambaram Stadium, Chepauk",337/7
517,517,18,103,2,Asia XI,337,7,Chennai,"MA Chidambaram Stadium, Chepauk",337/7
518,518,19,109,2,Asia XI,337,7,Chennai,"MA Chidambaram Stadium, Chepauk",337/7
519,519,20,114,2,Asia XI,337,7,Chennai,"MA Chidambaram Stadium, Chepauk",337/7
520,520,21,117,2,Asia XI,337,7,Chennai,"MA Chidambaram Stadium, Chepauk",337/7
521,521,22,131,2,Asia XI,337,7,Chennai,"MA Chidambaram Stadium, Chepauk",337/7
522,522,23,133,2,Asia XI,337,7,Chennai,"MA Chidambaram Stadium, Chepauk",337/7
523,523,24,135,3,Asia XI,337,7,Chennai,"MA Chidambaram Stadium, Chepauk",337/7
524,524,25,151,3,Asia XI,337,7,Chennai,"MA Chidambaram Stadium, Chepauk",337/7
525,525,26,157,3,Asia XI,337,7,Chennai,"MA Chidambaram Stadium, Chepauk",337/7
526,526,27,164,3,Asia XI,337,7,Chennai,"MA Chidambaram Stadium, Chepauk",337/7
527,527,28,176,3,Asia XI,337,7,Chennai,"MA Chidambaram Stadium, Chepauk",337/7
528,528,29,180,3,Asia XI,337,7,Chennai,"MA Chidambaram Stadium, Chepauk",337/7
529,529,30,187,3,Asia XI,337,7,Chennai,"MA Chidambaram Stadium, Chepauk",337/7
530,530,31,189,3,Asia XI,337,7,Chennai,"MA Chidambaram Stadium, Chepauk",337/7
531,531,32,193,3,Asia XI,337,7,Chennai,"MA Chidambaram Stadium, Chepauk",337/7
532,532,33,200,3,Asia XI,337,7,Chennai,"MA Chidambaram Stadium, Chepauk",337/7
533,533,34,207,3,Asia XI,337,7,Chennai,"MA Chidambaram Stadium, Chepauk",337/7
534,534,35,214,3,Asia XI,337,7,Chennai,"MA Chidambaram Stadium, Chepauk",337/7
535,535,36,214,4,Asia XI,337,7,Chennai,"MA Chidambaram Stadium, Chepauk",337/7
536,536,37,218,4,Asia XI,337,7,Chennai,"MA Chidambaram Stadium, Chepauk",337/7
537,537,38,223,4,Asia XI,337,7,Chennai,"MA Chidambaram Stadium, Chepauk",337/7
538,538,39,234,4,Asia XI,337,7,Chennai,"MA Chidambaram Stadium, Chepauk",337/7
539,539,40,246,4,Asia XI,337,7,Chennai,"MA Chidambaram Stadium, Chepauk",337/7
540,540,41,257,4,Asia XI,337,7,Chennai,"MA Chidambaram Stadium, Chepauk",337/7
541,541,42,266,4,Asia XI,337,7,Chennai,"MA Chidambaram Stadium, Chepauk",337/7
542,542,43,270,4,Asia XI,337,7,Chennai,"MA Chidambaram Stadium, Chepauk",337/7
543,543,44,282,4,Asia XI,337,7,Chennai,"MA Chidambaram Stadium, Chepauk",337/7
544,544,45,287,4,Asia XI,337,7,Chennai,"MA Chidambaram Stadium, Chepauk",337/7
545,545,46,298,4,Asia XI,337,7,Chennai,"MA Chidambaram Stadium, Chepauk",337/7
546,546,47,308,5,Asia XI,337,7,Chennai,"MA Chidambaram Stadium, Chepauk",337/7
547,547,48,317,5,Asia XI,337,7,Chennai,"MA Chidambaram Stadium, Chepauk",337/7
548,548,49,331,5,Asia XI,337,7,Chennai,"MA Chidambaram Stadium, Chepauk",337/7
549,549,50,337,7,Asia XI,337,7,Chennai,"MA Chidambaram Stadium, Chepauk",337/7
550,550,1,13,0,Asia XI,317,9,Bangalore,M Chinnaswamy Stadium,317/9
551,551,2,19,0,Asia XI,317,9,Bangalore,M Chinnaswamy Stadium,317/9
552,552,3,20,0,Asia XI,317,9,Bangalore,M Chinnaswamy Stadium,317/9
553,553,4,26,0,Asia XI,317,9,Bangalore,M Chinnaswamy Stadium,317/9
554,554,5,36,1,Asia XI,317,9,Bangalore,M Chinnaswamy Stadium,317/9
555,555,6,48,1,Asia XI,317,9,Bangalore,M Chinnaswamy Stadium,317/9
556,556,7,64,1,Asia XI,317,9,Bangalore,M Chinnaswamy Stadium,317/9
557,557,8,70,1,Asia XI,317,9,Bangalore,M Chinnaswamy Stadium,317/9
558,558,9,78,1,Asia XI,317,9,Bangalore,M Chinnaswamy Stadium,317/9
559,559,10,83,1,Asia XI,317,9,Bangalore,M Chinnaswamy Stadium,317/9
560,560,11,86,1,Asia XI,317,9,Bangalore,M Chinnaswamy Stadium,317/9
561,561,12,97,1,Asia XI,317,9,Bangalore,M Chinnaswamy Stadium,317/9
562,562,13,104,1,Asia XI,317,9,Bangalore,M Chinnaswamy Stadium,317/9
563,563,14,110,2,Asia XI,317,9,Bangalore,M Chinnaswamy Stadium,317/9
564,564,15,115,2,Asia XI,317,9,Bangalore,M Chinnaswamy Stadium,317/9
565,565,16,119,2,Asia XI,317,9,Bangalore,M Chinnaswamy Stadium,317/9
566,566,17,126,2,Asia XI,317,9,Bangalore,M Chinnaswamy Stadium,317/9
567,567,18,131,3,Asia XI,317,9,Bangalore,M Chinnaswamy Stadium,317/9
568,568,19,134,3,Asia XI,317,9,Bangalore,M Chinnaswamy Stadium,317/9
569,569,20,139,3,Asia XI,317,9,Bangalore,M Chinnaswamy Stadium,317/9
570,570,21,141,3,Asia XI,317,9,Bangalore,M Chinnaswamy Stadium,317/9
571,571,22,146,3,Asia XI,317,9,Bangalore,M Chinnaswamy Stadium,317/9
572,572,23,149,3,Asia XI,317,9,Bangalore,M Chinnaswamy Stadium,317/9
573,573,24,158,3,Asia XI,317,9,Bangalore,M Chinnaswamy Stadium,317/9
574,574,25,166,3,Asia XI,317,9,Bangalore,M Chinnaswamy Stadium,317/9
575,575,26,169,3,Asia XI,317,9,Bangalore,M Chinnaswamy Stadium,317/9
576,576,27,176,3,Asia XI,317,9,Bangalore,M Chinnaswamy Stadium,317/9
577,577,28,181,3,Asia XI,317,9,Bangalore,M Chinnaswamy Stadium,317/9
578,578,29,186,3,Asia XI,317,9,Bangalore,M Chinnaswamy Stadium,317/9
579,579,30,191,3,Asia XI,317,9,Bangalore,M Chinnaswamy Stadium,317/9
580,580,31,202,3,Asia XI,317,9,Bangalore,M Chinnaswamy Stadium,317/9
581,581,32,211,3,Asia XI,317,9,Bangalore,M Chinnaswamy Stadium,317/9
582,582,33,216,3,Asia XI,317,9,Bangalore,M Chinnaswamy Stadium,317/9
583,583,34,221,4,Asia XI,317,9,Bangalore,M Chinnaswamy Stadium,317/9
584,584,35,226,4,Asia XI,317,9,Bangalore,M Chinnaswamy Stadium,317/9
585,585,36,234,4,Asia XI,317,9,Bangalore,M Chinnaswamy Stadium,317/9
586,586,37,238,4,Asia XI,317,9,Bangalore,M Chinnaswamy Stadium,317/9
587,587,38,242,4,Asia XI,317,9,Bangalore,M Chinnaswamy Stadium,317/9
588,588,39,255,4,Asia XI,317,9,Bangalore,M Chinnaswamy Stadium,317/9
589,589,40,265,4,Asia XI,317,9,Bangalore,M Chinnaswamy Stadium,317/9
590,590,41,269,4,Asia XI,317,9,Bangalore,M Chinnaswamy Stadium,317/9
591,591,42,276,5,Asia XI,317,9,Bangalore,M Chinnaswamy Stadium,317/9
592,592,43,277,6,Asia XI,317,9,Bangalore,M Chinnaswamy Stadium,317/9
593,593,44,279,7,Asia XI,317,9,Bangalore,M Chinnaswamy Stadium,317/9
594,594,45,281,7,Asia XI,317,9,Bangalore,M Chinnaswamy Stadium,317/9
595,595,46,287,7,Asia XI,317,9,Bangalore,M Chinnaswamy Stadium,317/9
596,596,47,300,7,Asia XI,317,9,Bangalore,M Chinnaswamy Stadium,317/9
597,597,48,307,7,Asia XI,317,9,Bangalore,M Chinnaswamy Stadium,317/9
598,598,49,309,8,Asia XI,317,9,Bangalore,M Chinnaswamy Stadium,317/9
599,599,50,317,9,Asia XI,317,9,Bangalore,M Chinnaswamy Stadium,317/9
600,0,1,8,0,Asia XI,331,8,Chennai,"MA Chidambaram Stadium, Chepauk",331/8
601,1,2,8,0,Asia XI,331,8,Chennai,"MA Chidambaram Stadium, Chepauk",331/8
602,2,3,9,1,Asia XI,331,8,Chennai,"MA Chidambaram Stadium, Chepauk",331/8
603,3,4,17,1,Asia XI,331,8,Chennai,"MA Chidambaram Stadium, Chepauk",331/8
604,4,5,25,1,Asia XI,331,8,Chennai,"MA Chidambaram Stadium, Chepauk",331/8
605,5,6,30,2,Asia XI,331,8,Chennai,"MA Chidambaram Stadium, Chepauk",331/8
606,6,7,32,2,Asia XI,331,8,Chennai,"MA Chidambaram Stadium, Chepauk",331/8
607,7,8,40,2,Asia XI,331,8,Chennai,"MA Chidambaram Stadium, Chepauk",331/8
608,8,9,45,2,Asia XI,331,8,Chennai,"MA Chidambaram Stadium, Chepauk",331/8
609,9,10,47,3,Asia XI,331,8,Chennai,"MA Chidambaram Stadium, Chepauk",331/8
610,10,11,51,3,Asia XI,331,8,Chennai,"MA Chidambaram Stadium, Chepauk",331/8
611,11,12,51,4,Asia XI,331,8,Chennai,"MA Chidambaram Stadium, Chepauk",331/8
612,12,13,59,4,Asia XI,331,8,Chennai,"MA Chidambaram Stadium, Chepauk",331/8
613,13,14,62,4,Asia XI,331,8,Chennai,"MA Chidambaram Stadium, Chepauk",331/8
614,14,15,66,4,Asia XI,331,8,Chennai,"MA Chidambaram Stadium, Chepauk",331/8
615,15,16,70,4,Asia XI,331,8,Chennai,"MA Chidambaram Stadium, Chepauk",331/8
616,16,17,72,5,Asia XI,331,8,Chennai,"MA Chidambaram Stadium, Chepauk",331/8
617,17,18,77,5,Asia XI,331,8,Chennai,"MA Chidambaram Stadium, Chepauk",331/8
618,18,19,83,5,Asia XI,331,8,Chennai,"MA Chidambaram Stadium, Chepauk",331/8
619,19,20,83,5,Asia XI,331,8,Chennai,"MA Chidambaram Stadium, Chepauk",331/8
620,20,21,88,5,Asia XI,331,8,Chennai,"MA Chidambaram Stadium, Chepauk",331/8
621,21,22,89,5,Asia XI,331,8,Chennai,"MA Chidambaram Stadium, Chepauk",331/8
622,22,23,95,5,Asia XI,331,8,Chennai,"MA Chidambaram Stadium, Chepauk",331/8
623,23,24,97,5,Asia XI,331,8,Chennai,"MA Chidambaram Stadium, Chepauk",331/8
624,24,25,101,5,Asia XI,331,8,Chennai,"MA Chidambaram Stadium, Chepauk",331/8
625,25,26,109,5,Asia XI,331,8,Chennai,"MA Chidambaram Stadium, Chepauk",331/8
626,26,27,120,5,Asia XI,331,8,Chennai,"MA Chidambaram Stadium, Chepauk",331/8
627,27,28,127,5,Asia XI,331,8,Chennai,"MA Chidambaram Stadium, Chepauk",331/8
628,28,29,137,5,Asia XI,331,8,Chennai,"MA Chidambaram Stadium, Chepauk",331/8
629,29,30,145,5,Asia XI,331,8,Chennai,"MA Chidambaram Stadium, Chepauk",331/8
630,30,31,149,5,Asia XI,331,8,Chennai,"MA Chidambaram Stadium, Chepauk",331/8
631,31,32,156,5,Asia XI,331,8,Chennai,"MA Chidambaram Stadium, Chepauk",331/8
632,32,33,159,5,Asia XI,331,8,Chennai,"MA Chidambaram Stadium, Chepauk",331/8
633,33,34,166,5,Asia XI,331,8,Chennai,"MA Chidambaram Stadium, Chepauk",331/8
634,34,35,168,5,Asia XI,331,8,Chennai,"MA Chidambaram Stadium, Chepauk",331/8
635,35,36,173,5,Asia XI,331,8,Chennai,"MA Chidambaram Stadium, Chepauk",331/8
636,36,37,185,5,Asia XI,331,8,Chennai,"MA Chidambaram Stadium, Chepauk",331/8
637,37,38,193,5,Asia XI,331,8,Chennai,"MA Chidambaram Stadium, Chepauk",331/8
638,38,39,205,5,Asia XI,331,8,Chennai,"MA Chidambaram Stadium, Chepauk",331/8
639,39,40,223,5,Asia XI,331,8,Chennai,"MA Chidambaram Stadium, Chepauk",331/8
640,40,41,235,5,Asia XI,331,8,Chennai,"MA Chidambaram Stadium, Chepauk",331/8
641,41,42,255,5,Asia XI,331,8,Chennai,"MA Chidambaram Stadium, Chepauk",331/8
642,42,43,266,5,Asia XI,331,8,Chennai,"MA Chidambaram Stadium, Chepauk",331/8
643,43,44,270,5,Asia XI,331,8,Chennai,"MA Chidambaram Stadium, Chepauk",331/8
644,44,45,278,5,Asia XI,331,8,Chennai,"MA Chidambaram Stadium, Chepauk",331/8
645,45,46,289,5,Asia XI,331,8,Chennai,"MA Chidambaram Stadium, Chepauk",331/8
646,46,47,292,6,Asia XI,331,8,Chennai,"MA Chidambaram Stadium, Chepauk",331/8
647,47,48,310,7,Asia XI,331,8,Chennai,"MA Chidambaram Stadium, Chepauk",331/8
648,48,49,315,8,Asia XI,331,8,Chennai,"MA Chidambaram Stadium, Chepauk",331/8
649,49,50,331,8,Asia XI,331,8,Chennai,"MA Chidambaram Stadium, Chepauk",331/8
650,0,1,12,0,Asia XI,337,7,Chennai,"MA Chidambaram Stadium, Chepauk",337/7
651,1,2,12,0,Asia XI,337,7,Chennai,"MA Chidambaram Stadium, Chepauk",337/7
652,2,3,22,0,Asia XI,337,7,Chennai,"MA Chidambaram Stadium, Chepauk",337/7
653,3,4,30,0,Asia XI,337,7,Chennai,"MA Chidambaram Stadium, Chepauk",337/7
654,4,5,37,1,Asia XI,337,7,Chennai,"MA Chidambaram Stadium, Chepauk",337/7
655,5,6,42,1,Asia XI,337,7,Chennai,"MA Chidambaram Stadium, Chepauk",337/7
656,6,7,43,1,Asia XI,337,7,Chennai,"MA Chidambaram Stadium, Chepauk",337/7
657,7,8,48,1,Asia XI,337,7,Chennai,"MA Chidambaram Stadium, Chepauk",337/7
658,8,9,51,1,Asia XI,337,7,Chennai,"MA Chidambaram Stadium, Chepauk",337/7
659,9,10,68,1,Asia XI,337,7,Chennai,"MA Chidambaram Stadium, Chepauk",337/7
660,10,11,71,1,Asia XI,337,7,Chennai,"MA Chidambaram Stadium, Chepauk",337/7
661,11,12,79,2,Asia XI,337,7,Chennai,"MA Chidambaram Stadium, Chepauk",337/7
662,12,13,86,2,Asia XI,337,7,Chennai,"MA Chidambaram Stadium, Chepauk",337/7
663,13,14,92,2,Asia XI,337,7,Chennai,"MA Chidambaram Stadium, Chepauk",337/7
664,14,15,94,2,Asia XI,337,7,Chennai,"MA Chidambaram Stadium, Chepauk",337/7
665,15,16,95,2,Asia XI,337,7,Chennai,"MA Chidambaram Stadium, Chepauk",337/7
666,16,17,97,2,Asia XI,337,7,Chennai,"MA Chidambaram Stadium, Chepauk",337/7
667,17,18,103,2,Asia XI,337,7,Chennai,"MA Chidambaram Stadium, Chepauk",337/7
668,18,19,109,2,Asia XI,337,7,Chennai,"MA Chidambaram Stadium, Chepauk",337/7
669,19,20,114,2,Asia XI,337,7,Chennai,"MA Chidambaram Stadium, Chepauk",337/7
670,20,21,117,2,Asia XI,337,7,Chennai,"MA Chidambaram Stadium, Chepauk",337/7
671,21,22,131,2,Asia XI,337,7,Chennai,"MA Chidambaram Stadium, Chepauk",337/7
672,22,23,133,2,Asia XI,337,7,Chennai,"MA Chidambaram Stadium, Chepauk",337/7
673,23,24,135,3,Asia XI,337,7,Chennai,"MA Chidambaram Stadium, Chepauk",337/7
674,24,25,151,3,Asia XI,337,7,Chennai,"MA Chidambaram Stadium, Chepauk",337/7
675,25,26,157,3,Asia XI,337,7,Chennai,"MA Chidambaram Stadium, Chepauk",337/7
676,26,27,164,3,Asia XI,337,7,Chennai,"MA Chidambaram Stadium, Chepauk",337/7
677,27,28,176,3,Asia XI,337,7,Chennai,"MA Chidambaram Stadium, Chepauk",337/7
678,28,29,180,3,Asia XI,337,7,Chennai,"MA Chidambaram Stadium, Chepauk",337/7
679,29,30,187,3,Asia XI,337,7,Chennai,"MA Chidambaram Stadium, Chepauk",337/7
680,30,31,189,3,Asia XI,337,7,Chennai,"MA Chidambaram Stadium, Chepauk",337/7
681,31,32,193,3,Asia XI,337,7,Chennai,"MA Chidambaram Stadium, Chepauk",337/7
682,32,33,200,3,Asia XI,337,7,Chennai,"MA Chidambaram Stadium, Chepauk",337/7
683,33,34,207,3,Asia XI,337,7,Chennai,"MA Chidambaram Stadium, Chepauk",337/7
684,34,35,214,3,Asia XI,337,7,Chennai,"MA Chidambaram Stadium, Chepauk",337/7
685,35,36,214,4,Asia XI,337,7,Chennai,"MA Chidambaram Stadium, Chepauk",337/7
686,36,37,218,4,Asia XI,337,7,Chennai,"MA Chidambaram Stadium, Chepauk",337/7
687,37,38,223,4,Asia XI,337,7,Chennai,"MA Chidambaram Stadium, Chepauk",337/7
688,38,39,234,4,Asia XI,337,7,Chennai,"MA Chidambaram Stadium, Chepauk",337/7
689,39,40,246,4,Asia XI,337,7,Chennai,"MA Chidambaram Stadium, Chepauk",337/7
690,40,41,257,4,Asia XI,337,7,Chennai,"MA Chidambaram Stadium, Chepauk",337/7
691,41,42,266,4,Asia XI,337,7,Chennai,"MA Chidambaram Stadium, Chepauk",337/7
692,42,43,270,4,Asia XI,337,7,Chennai,"MA Chidambaram Stadium, Chepauk",337/7
693,43,44,282,4,Asia XI,337,7,Chennai,"MA Chidambaram Stadium, Chepauk",337/7
694,44,45,287,4,Asia XI,337,7,Chennai,"MA Chidambaram Stadium, Chepauk",337/7
695,45,46,298,4,Asia XI,337,7,Chennai,"MA Chidambaram Stadium, Chepauk",337/7
696,46,47,308,5,Asia XI,337,7,Chennai,"MA Chidambaram Stadium, Chepauk",337/7
697,47,48,317,5,Asia XI,337,7,Chennai,"MA Chidambaram Stadium, Chepauk",337/7
698,48,49,331,5,Asia XI,337,7,Chennai,"MA Chidambaram Stadium, Chepauk",337/7
699,49,50,337,7,Asia XI,337,7,Chennai,"MA Chidambaram Stadium, Chepauk",337/7
700,0,1,13,0,Asia XI,317,9,Bangalore,M Chinnaswamy Stadium,317/9
701,1,2,19,0,Asia XI,317,9,Bangalore,M Chinnaswamy Stadium,317/9
702,2,3,20,0,Asia XI,317,9,Bangalore,M Chinnaswamy Stadium,317/9
703,3,4,26,0,Asia XI,317,9,Bangalore,M Chinnaswamy Stadium,317/9
704,4,5,36,1,Asia XI,317,9,Bangalore,M Chinnaswamy Stadium,317/9
705,5,6,48,1,Asia XI,317,9,Bangalore,M Chinnaswamy Stadium,317/9
706,6,7,64,1,Asia XI,317,9,Bangalore,M Chinnaswamy Stadium,317/9
707,7,8,70,1,Asia XI,317,9,Bangalore,M Chinnaswamy Stadium,317/9
708,8,9,78,1,Asia XI,317,9,Bangalore,M Chinnaswamy Stadium,317/9
709,9,10,83,1,Asia XI,317,9,Bangalore,M Chinnaswamy Stadium,317/9
710,10,11,86,1,Asia XI,317,9,Bangalore,M Chinnaswamy Stadium,317/9
711,11,12,97,1,Asia XI,317,9,Bangalore,M Chinnaswamy Stadium,317/9
712,12,13,104,1,Asia XI,317,9,Bangalore,M Chinnaswamy Stadium,317/9
713,13,14,110,2,Asia XI,317,9,Bangalore,M Chinnaswamy Stadium,317/9
714,14,15,115,2,Asia XI,317,9,Bangalore,M Chinnaswamy Stadium,317/9
715,15,16,119,2,Asia XI,317,9,Bangalore,M Chinnaswamy Stadium,317/9
716,16,17,126,2,Asia XI,317,9,Bangalore,M Chinnaswamy Stadium,317/9
717,17,18,131,3,Asia XI,317,9,Bangalore,M Chinnaswamy Stadium,317/9
718,18,19,134,3,Asia XI,317,9,Bangalore,M Chinnaswamy Stadium,317/9
719,19,20,139,3,Asia XI,317,9,Bangalore,M Chinnaswamy Stadium,317/9
720,20,21,141,3,Asia XI,317,9,Bangalore,M Chinnaswamy Stadium,317/9
721,21,22,146,3,Asia XI,317,9,Bangalore,M Chinnaswamy Stadium,317/9
722,22,23,149,3,Asia XI,317,9,Bangalore,M Chinnaswamy Stadium,317/9
723,23,24,158,3,Asia XI,317,9,Bangalore,M Chinnaswamy Stadium,317/9
724,24,25,166,3,Asia XI,317,9,Bangalore,M Chinnaswamy Stadium,317/9
725,25,26,169,3,Asia XI,317,9,Bangalore,M Chinnaswamy Stadium,317/9
726,26,27,176,3,Asia XI,317,9,Bangalore,M Chinnaswamy Stadium,317/9
727,27,28,181,3,Asia XI,317,9,Bangalore,M Chinnaswamy Stadium,317/9
728,28,29,186,3,Asia XI,317,9,Bangalore,M Chinnaswamy Stadium,317/9
729,29,30,191,3,Asia XI,317,9,Bangalore,M Chinnaswamy Stadium,317/9
730,30,31,202,3,Asia XI,317,9,Bangalore,M Chinnaswamy Stadium,317/9
731,31,32,211,3,Asia XI,317,9,Bangalore,M Chinnaswamy Stadium,317/9
732,32,33,216,3,Asia XI,317,9,Bangalore,M Chinnaswamy Stadium,317/9
733,33,34,221,4,Asia XI,317,9,Bangalore,M Chinnaswamy Stadium,317/9
734,34,35,226,4,Asia XI,317,9,Bangalore,M Chinnaswamy Stadium,317/9
735,35,36,234,4,Asia XI,317,9,Bangalore,M Chinnaswamy Stadium,317/9
736,36,37,238,4,Asia XI,317,9,Bangalore,M Chinnaswamy Stadium,317/9
737,37,38,242,4,Asia XI,317,9,Bangalore,M Chinnaswamy Stadium,317/9
738,38,39,255,4,Asia XI,317,9,Bangalore,M Chinnaswamy Stadium,317/9
739,39,40,265,4,Asia XI,317,9,Bangalore,M Chinnaswamy Stadium,317/9
740,40,41,269,4,Asia XI,317,9,Bangalore,M Chinnaswamy Stadium,317/9
741,41,42,276,5,Asia XI,317,9,Bangalore,M Chinnaswamy Stadium,317/9
742,42,43,277,6,Asia XI,317,9,Bangalore,M Chinnaswamy Stadium,317/9
743,43,44,279,7,Asia XI,317,9,Bangalore,M Chinnaswamy Stadium,317/9
744,44,45,281,7,Asia XI,317,9,Bangalore,M Chinnaswamy Stadium,317/9
745,45,46,287,7,Asia XI,317,9,Bangalore,M Chinnaswamy Stadium,317/9
746,46,47,300,7,Asia XI,317,9,Bangalore,M Chinnaswamy Stadium,317/9
747,47,48,307,7,Asia XI,317,9,Bangalore,M Chinnaswamy Stadium,317/9
748,48,49,309,8,Asia XI,317,9,Bangalore,M Chinnaswamy Stadium,317/9
749,49,50,317,9,Asia XI,317,9,Bangalore,M Chinnaswamy Stadium,317/9
0,0,1,8,0,Asia XI,331,8,Chennai,"MA Chidambaram Stadium, Chepauk",331/8
1,1,2,8,0,Asia XI,331,8,Chennai,"MA Chidambaram Stadium, Chepauk",331/8
2,2,3,9,1,Asia XI,331,8,Chennai,"MA Chidambaram Stadium, Chepauk",331/8
3,3,4,17,1,Asia XI,331,8,Chennai,"MA Chidambaram Stadium, Chepauk",331/8
4,4,5,25,1,Asia XI,331,8,Chennai,"MA Chidambaram Stadium, Chepauk",331/8
5,5,6,30,2,Asia XI,331,8,Chennai,"MA Chidambaram Stadium, Chepauk",331/8
6,6,7,32,2,Asia XI,331,8,Chennai,"MA Chidambaram Stadium, Chepauk",331/8
7,7,8,40,2,Asia XI,331,8,Chennai,"MA Chidambaram Stadium, Chepauk",331/8
8,8,9,45,2,Asia XI,331,8,Chennai,"MA Chidambaram Stadium, Chepauk",331/8
9,9,10,47,3,Asia XI,331,8,Chennai,"MA Chidambaram Stadium, Chepauk",331/8
10,10,11,51,3,Asia XI,331,8,Chennai,"MA Chidambaram Stadium, Chepauk",331/8
11,11,12,51,4,Asia XI,331,8,Chennai,"MA Chidambaram Stadium, Chepauk",331/8
12,12,13,59,4,Asia XI,331,8,Chennai,"MA Chidambaram Stadium, Chepauk",331/8
13,13,14,62,4,Asia XI,331,8,Chennai,"MA Chidambaram Stadium, Chepauk",331/8
14,14,15,66,4,Asia XI,331,8,Chennai,"MA Chidambaram Stadium, Chepauk",331/8
15,15,16,70,4,Asia XI,331,8,Chennai,"MA Chidambaram Stadium, Chepauk",331/8
16,16,17,72,5,Asia XI,331,8,Chennai,"MA Chidambaram Stadium, Chepauk",331/8
17,17,18,77,5,Asia XI,331,8,Chennai,"MA Chidambaram Stadium, Chepauk",331/8
18,18,19,83,5,Asia XI,331,8,Chennai,"MA Chidambaram Stadium, Chepauk",331/8
19,19,20,83,5,Asia XI,331,8,Chennai,"MA Chidambaram Stadium, Chepauk",331/8
20,20,21,88,5,Asia XI,331,8,Chennai,"MA Chidambaram Stadium, Chepauk",331/8
21,21,22,89,5,Asia XI,331,8,Chennai,"MA Chidambaram Stadium, Chepauk",331/8
22,22,23,95,5,Asia XI,331,8,Chennai,"MA Chidambaram Stadium, Chepauk",331/8
23,23,24,97,5,Asia XI,331,8,Chennai,"MA Chidambaram Stadium, Chepauk",331/8
24,24,25,101,5,Asia XI,331,8,Chennai,"MA Chidambaram Stadium, Chepauk",331/8
25,25,26,109,5,Asia XI,331,8,Chennai,"MA Chidambaram Stadium, Chepauk",331/8
26,26,27,120,5,Asia XI,331,8,Chennai,"MA Chidambaram Stadium, Chepauk",331/8
27,27,28,127,5,Asia XI,331,8,Chennai,"MA Chidambaram Stadium, Chepauk",331/8
28,28,29,137,5,Asia XI,331,8,Chennai,"MA Chidambaram Stadium, Chepauk",331/8
29,29,30,145,5,Asia XI,331,8,Chennai,"MA Chidambaram Stadium, Chepauk",331/8
30,30,31,149,5,Asia XI,331,8,Chennai,"MA Chidambaram Stadium, Chepauk",331/8
31,31,32,156,5,Asia XI,331,8,Chennai,"MA Chidambaram Stadium, Chepauk",331/8
32,32,33,159,5,Asia XI,331,8,Chennai,"MA Chidambaram Stadium, Chepauk",331/8
33,33,34,166,5,Asia XI,331,8,Chennai,"MA Chidambaram Stadium, Chepauk",331/8
34,34,35,168,5,Asia XI,331,8,Chennai,"MA Chidambaram Stadium, Chepauk",331/8
35,35,36,173,5,Asia XI,331,8,Chennai,"MA Chidambaram Stadium, Chepauk",331/8
36,36,37,185,5,Asia XI,331,8,Chennai,"MA Chidambaram Stadium, Chepauk",331/8
37,37,38,193,5,Asia XI,331,8,Chennai,"MA Chidambaram Stadium, Chepauk",331/8
38,38,39,205,5,Asia XI,331,8,Chennai,"MA Chidambaram Stadium, Chepauk",331/8
39,39,40,223,5,Asia XI,331,8,Chennai,"MA Chidambaram Stadium, Chepauk",331/8
40,40,41,235,5,Asia XI,331,8,Chennai,"MA Chidambaram Stadium, Chepauk",331/8
41,41,42,255,5,Asia XI,331,8,Chennai,"MA Chidambaram Stadium, Chepauk",331/8
42,42,43,266,5,Asia XI,331,8,Chennai,"MA Chidambaram Stadium, Chepauk",331/8
43,43,44,270,5,Asia XI,331,8,Chennai,"MA Chidambaram Stadium, Chepauk",331/8
44,44,45,278,5,Asia XI,331,8,Chennai,"MA Chidambaram Stadium, Chepauk",331/8
45,45,46,289,5,Asia XI,331,8,Chennai,"MA Chidambaram Stadium, Chepauk",331/8
46,46,47,292,6,Asia XI,331,8,Chennai,"MA Chidambaram Stadium, Chepauk",331/8
47,47,48,310,7,Asia XI,331,8,Chennai,"MA Chidambaram Stadium, Chepauk",331/8
48,48,49,315,8,Asia XI,331,8,Chennai,"MA Chidambaram Stadium, Chepauk",331/8
49,49,50,331,8,Asia XI,331,8,Chennai,"MA Chidambaram Stadium, Chepauk",331/8
0,0,1,12,0,Asia XI,337,7,Chennai,"MA Chidambaram Stadium, Chepauk",337/7
1,1,2,12,0,Asia XI,337,7,Chennai,"MA Chidambaram Stadium, Chepauk",337/7
2,2,3,22,0,Asia XI,337,7,Chennai,"MA Chidambaram Stadium, Chepauk",337/7
3,3,4,30,0,Asia XI,337,7,Chennai,"MA Chidambaram Stadium, Chepauk",337/7
4,4,5,37,1,Asia XI,337,7,Chennai,"MA Chidambaram Stadium, Chepauk",337/7
5,5,6,42,1,Asia XI,337,7,Chennai,"MA Chidambaram Stadium, Chepauk",337/7
6,6,7,43,1,Asia XI,337,7,Chennai,"MA Chidambaram Stadium, Chepauk",337/7
7,7,8,48,1,Asia XI,337,7,Chennai,"MA Chidambaram Stadium, Chepauk",337/7
8,8,9,51,1,Asia XI,337,7,Chennai,"MA Chidambaram Stadium, Chepauk",337/7
9,9,10,68,1,Asia XI,337,7,Chennai,"MA Chidambaram Stadium, Chepauk",337/7
10,10,11,71,1,Asia XI,337,7,Chennai,"MA Chidambaram Stadium, Chepauk",337/7
11,11,12,79,2,Asia XI,337,7,Chennai,"MA Chidambaram Stadium, Chepauk",337/7
12,12,13,86,2,Asia XI,337,7,Chennai,"MA Chidambaram Stadium, Chepauk",337/7
13,13,14,92,2,Asia XI,337,7,Chennai,"MA Chidambaram Stadium, Chepauk",337/7
14,14,15,94,2,Asia XI,337,7,Chennai,"MA Chidambaram Stadium, Chepauk",337/7
15,15,16,95,2,Asia XI,337,7,Chennai,"MA Chidambaram Stadium, Chepauk",337/7
16,16,17,97,2,Asia XI,337,7,Chennai,"MA Chidambaram Stadium, Chepauk",337/7
17,17,18,103,2,Asia XI,337,7,Chennai,"MA Chidambaram Stadium, Chepauk",337/7
18,18,19,109,2,Asia XI,337,7,Chennai,"MA Chidambaram Stadium, Chepauk",337/7
19,19,20,114,2,Asia XI,337,7,Chennai,"MA Chidambaram Stadium, Chepauk",337/7
20,20,21,117,2,Asia XI,337,7,Chennai,"MA Chidambaram Stadium, Chepauk",337/7
21,21,22,131,2,Asia XI,337,7,Chennai,"MA Chidambaram Stadium, Chepauk",337/7
22,22,23,133,2,Asia XI,337,7,Chennai,"MA Chidambaram Stadium, Chepauk",337/7
23,23,24,135,3,Asia XI,337,7,Chennai,"MA Chidambaram Stadium, Chepauk",337/7
24,24,25,151,3,Asia XI,337,7,Chennai,"MA Chidambaram Stadium, Chepauk",337/7
25,25,26,157,3,Asia XI,337,7,Chennai,"MA Chidambaram Stadium, Chepauk",337/7
26,26,27,164,3,Asia XI,337,7,Chennai,"MA Chidambaram Stadium, Chepauk",337/7
27,27,28,176,3,Asia XI,337,7,Chennai,"MA Chidambaram Stadium, Chepauk",337/7
28,28,29,180,3,Asia XI,337,7,Chennai,"MA Chidambaram Stadium, Chepauk",337/7
29,29,30,187,3,Asia XI,337,7,Chennai,"MA Chidambaram Stadium, Chepauk",337/7
30,30,31,189,3,Asia XI,337,7,Chennai,"MA Chidambaram Stadium, Chepauk",337/7
31,31,32,193,3,Asia XI,337,7,Chennai,"MA Chidambaram Stadium, Chepauk",337/7
32,32,33,200,3,Asia XI,337,7,Chennai,"MA Chidambaram Stadium, Chepauk",337/7
33,33,34,207,3,Asia XI,337,7,Chennai,"MA Chidambaram Stadium, Chepauk",337/7
34,34,35,214,3,Asia XI,337,7,Chennai,"MA Chidambaram Stadium, Chepauk",337/7
35,35,36,214,4,Asia XI,337,7,Chennai,"MA Chidambaram Stadium, Chepauk",337/7
36,36,37,218,4,Asia XI,337,7,Chennai,"MA Chidambaram Stadium, Chepauk",337/7
37,37,38,223,4,Asia XI,337,7,Chennai,"MA Chidambaram Stadium, Chepauk",337/7
38,38,39,234,4,Asia XI,337,7,Chennai,"MA Chidambaram Stadium, Chepauk",337/7
39,39,40,246,4,Asia XI,337,7,Chennai,"MA Chidambaram Stadium, Chepauk",337/7
40,40,41,257,4,Asia XI,337,7,Chennai,"MA Chidambaram Stadium, Chepauk",337/7
41,41,42,266,4,Asia XI,337,7,Chennai,"MA Chidambaram Stadium, Chepauk",337/7
42,42,43,270,4,Asia XI,337,7,Chennai,"MA Chidambaram Stadium, Chepauk",337/7
43,43,44,282,4,Asia XI,337,7,Chennai,"MA Chidambaram Stadium, Chepauk",337/7
44,44,45,287,4,Asia XI,337,7,Chennai,"MA Chidambaram Stadium, Chepauk",337/7
45,45,46,298,4,Asia XI,337,7,Chennai,"MA Chidambaram Stadium, Chepauk",337/7
46,46,47,308,5,Asia XI,337,7,Chennai,"MA Chidambaram Stadium, Chepauk",337/7
47,47,48,317,5,Asia XI,337,7,Chennai,"MA Chidambaram Stadium, Chepauk",337/7
48,48,49,331,5,Asia XI,337,7,Chennai,"MA Chidambaram Stadium, Chepauk",337/7
49,49,50,337,7,Asia XI,337,7,Chennai,"MA Chidambaram Stadium, Chepauk",337/7
0,0,1,13,0,Asia XI,317,9,Bangalore,M Chinnaswamy Stadium,317/9
1,1,2,19,0,Asia XI,317,9,Bangalore,M Chinnaswamy Stadium,317/9
2,2,3,20,0,Asia XI,317,9,Bangalore,M Chinnaswamy Stadium,317/9
3,3,4,26,0,Asia XI,317,9,Bangalore,M Chinnaswamy Stadium,317/9
4,4,5,36,1,Asia XI,317,9,Bangalore,M Chinnaswamy Stadium,317/9
5,5,6,48,1,Asia XI,317,9,Bangalore,M Chinnaswamy Stadium,317/9
6,6,7,64,1,Asia XI,317,9,Bangalore,M Chinnaswamy Stadium,317/9
7,7,8,70,1,Asia XI,317,9,Bangalore,M Chinnaswamy Stadium,317/9
8,8,9,78,1,Asia XI,317,9,Bangalore,M Chinnaswamy Stadium,317/9
9,9,10,83,1,Asia XI,317,9,Bangalore,M Chinnaswamy Stadium,317/9
10,10,11,86,1,Asia XI,317,9,Bangalore,M Chinnaswamy Stadium,317/9
11,11,12,97,1,Asia XI,317,9,Bangalore,M Chinnaswamy Stadium,317/9
12,12,13,104,1,Asia XI,317,9,Bangalore,M Chinnaswamy Stadium,317/9
13,13,14,110,2,Asia XI,317,9,Bangalore,M Chinnaswamy Stadium,317/9
14,14,15,115,2,Asia XI,317,9,Bangalore,M Chinnaswamy Stadium,317/9
15,15,16,119,2,Asia XI,317,9,Bangalore,M Chinnaswamy Stadium,317/9
16,16,17,126,2,Asia XI,317,9,Bangalore,M Chinnaswamy Stadium,317/9
17,17,18,131,3,Asia XI,317,9,Bangalore,M Chinnaswamy Stadium,317/9
18,18,19,134,3,Asia XI,317,9,Bangalore,M Chinnaswamy Stadium,317/9
19,19,20,139,3,Asia XI,317,9,Bangalore,M Chinnaswamy Stadium,317/9
20,20,21,141,3,Asia XI,317,9,Bangalore,M Chinnaswamy Stadium,317/9
21,21,22,146,3,Asia XI,317,9,Bangalore,M Chinnaswamy Stadium,317/9
22,22,23,149,3,Asia XI,317,9,Bangalore,M Chinnaswamy Stadium,317/9
23,23,24,158,3,Asia XI,317,9,Bangalore,M Chinnaswamy Stadium,317/9
24,24,25,166,3,Asia XI,317,9,Bangalore,M Chinnaswamy Stadium,317/9
25,25,26,169,3,Asia XI,317,9,Bangalore,M Chinnaswamy Stadium,317/9
26,26,27,176,3,Asia XI,317,9,Bangalore,M Chinnaswamy Stadium,317/9
27,27,28,181,3,Asia XI,317,9,Bangalore,M Chinnaswamy Stadium,317/9
28,28,29,186,3,Asia XI,317,9,Bangalore,M Chinnaswamy Stadium,317/9
29,29,30,191,3,Asia XI,317,9,Bangalore,M Chinnaswamy Stadium,317/9
30,30,31,202,3,Asia XI,317,9,Bangalore,M Chinnaswamy Stadium,317/9
31,31,32,211,3,Asia XI,317,9,Bangalore,M Chinnaswamy Stadium,317/9
32,32,33,216,3,Asia XI,317,9,Bangalore,M Chinnaswamy Stadium,317/9
33,33,34,221,4,Asia XI,317,9,Bangalore,M Chinnaswamy Stadium,317/9
34,34,35,226,4,Asia XI,317,9,Bangalore,M Chinnaswamy Stadium,317/9
35,35,36,234,4,Asia XI,317,9,Bangalore,M Chinnaswamy Stadium,317/9
36,36,37,238,4,Asia XI,317,9,Bangalore,M Chinnaswamy Stadium,317/9
37,37,38,242,4,Asia XI,317,9,Bangalore,M Chinnaswamy Stadium,317/9
38,38,39,255,4,Asia XI,317,9,Bangalore,M Chinnaswamy Stadium,317/9
39,39,40,265,4,Asia XI,317,9,Bangalore,M Chinnaswamy Stadium,317/9
40,40,41,269,4,Asia XI,317,9,Bangalore,M Chinnaswamy Stadium,317/9
41,41,42,276,5,Asia XI,317,9,Bangalore,M Chinnaswamy Stadium,317/9
42,42,43,277,6,Asia XI,317,9,Bangalore,M Chinnaswamy Stadium,317/9
43,43,44,279,7,Asia XI,317,9,Bangalore,M Chinnaswamy Stadium,317/9
44,44,45,281,7,Asia XI,317,9,Bangalore,M Chinnaswamy Stadium,317/9
45,45,46,287,7,Asia XI,317,9,Bangalore,M Chinnaswamy Stadium,317/9
46,46,47,300,7,Asia XI,317,9,Bangalore,M Chinnaswamy Stadium,317/9
47,47,48,307,7,Asia XI,317,9,Bangalore,M Chinnaswamy Stadium,317/9
48,48,49,309,8,Asia XI,317,9,Bangalore,M Chinnaswamy Stadium,317/9
49,49,50,317,9,Asia XI,317,9,Bangalore,M Chinnaswamy Stadium,317/9
